https://play.google.com/store/apps/details?id=com.theedo.noobly,https://play-lh.googleusercontent.com/HrRHfbQNP4kITjUViJs8rrmzT8gGLmgKtcjzzDSCZIq7s4S_a19A9Q0FOkZPgWQPfA=w416-h235-rw,https://play-lh.googleusercontent.com/0na0NPwb4Zm-KAld35o_ExZwErSYosmVPL_kThRZu7DLogH5dd9rSkTYxzHZ9ip6Tw=s64-rw,Noobly: find gamer friends!,Edo developers,4
https://play.google.com/store/apps/details?id=tech.plink.PlinkApp,https://play-lh.googleusercontent.com/w1r2OoNh4sAj84pvep7O2r0W7KGnJAYg0RdffnwB3MjU4QgARM6nZe_QCe08lBmn5g=w416-h235-rw,https://play-lh.googleusercontent.com/yjWeWNylWFFRpoLgQUVyPxDfqq3O9dYRdTPZuGJDCjwwvEkrzxOBN5oUuC_igxwX6w=s64-rw,"Plink: Team up, Chat & Play",DogApps,1.4
https://play.google.com/store/apps/details?id=com.sgiggle.production,https://play-lh.googleusercontent.com/8sud85f4Lrqkoc9dWSeE-bxeDvfcEbAK_hdBm_LMNfVAyuuyVpqGYfTw4rScFtPb13nd=w416-h235-rw,https://play-lh.googleusercontent.com/Bqe7dwUu7VrNp4SFq6u4fuv_l4B9Dl2d8N-q8F6cjQouo_-JM5Wu-ZiXmWC3DY6Muw=s64-rw,"Tango- Live Stream, Video Chat",Tango,4.4
https://play.google.com/store/apps/details?id=com.skout.android,https://play-lh.googleusercontent.com/YLsS64pZtNvAZ6GqRkthn61S7g40iGVbTPhrqHzSgxRjev47jpShQRM2ieV5nohkdDM=w416-h235-rw,https://play-lh.googleusercontent.com/SQGzO8yXZinTVd8R1l1HwxISTOJ4kH5lelChtSk43TXNZyxmiSA29Mta3sHFYMdWxCQ=s64-rw,"Skout - Meet, Chat, Go Live",Skout Inc.,3.3
https://play.google.com/store/apps/details?id=gg.gamerlink.gamerlink,https://play-lh.googleusercontent.com/rlZAr4AHGchEPTzGrmVXc3swXtLCku3oe5cJDsdko9NqU4wOdxQEr0gkkygus_5Q2pA=w416-h235-rw,https://play-lh.googleusercontent.com/Phcon45FEQdthyQRUgp-v50P673CYzl870iGEuqoy5IVLB4_gqHJ48X6ZAe2nD9esRKr=s64-rw,GamerLink LFG: Teams & Friends,GamerLink Inc.,4.3
https://play.google.com/store/apps/details?id=com.discord,https://i.ytimg.com/vi/7V5jdOjWVU4/hqdefault.jpg,https://play-lh.googleusercontent.com/0oO5sAneb9lJP6l8c6DH4aj6f85qNpplQVHmPmbbBxAukDnlO7DarDW0b-kEIHa8SQ=s64-rw,"Discord - Talk, Play, Hang Out",Discord Inc.,3.8
https://play.google.com/store/apps/details?id=com.covalent.kippo,https://play-lh.googleusercontent.com/Kghu-kEo1p6yA6XWViiwPe4w6n4XIf7DSwltVgGRbvFdrY4PBKwQA62KjSstUXz-ag=w416-h235-rw,https://play-lh.googleusercontent.com/WGyp9XBZfdyRCHqa1lFA_6OWjS68-M3nFp1Kk0wi216psLmab1oET9cpNTJRoZXWuTaB=s64-rw,Kippo - Dating App for Gamers,Covalent Inc.,1.8
https://play.google.com/store/apps/details?id=tv.twitch.android.app,https://play-lh.googleusercontent.com/bnzBREOtt_TZXcKsrtUDmbDlYdBgTEMXDSBswLAhVDO0NJ-wDGHzg8lOMTzcgUjXhpQ=w416-h235-rw,https://play-lh.googleusercontent.com/QLQzL-MXtxKEDlbhrQCDw-REiDsA9glUH4m16syfar_KVLRXlzOhN7tmAceiPerv4Jg=s64-rw,Twitch: Live Streaming,"Twitch Interactive, Inc.",3.7
https://play.google.com/store/apps/details?id=com.gametreeapp,https://i.ytimg.com/vi/0JQ1htQFPYQ/hqdefault.jpg,https://play-lh.googleusercontent.com/BVSXakdn80bt9nIbbeH5YuOrewhZBsL255UfvzPjs9pQU560-MCxkEETro0CIu1R7S8=s64-rw,GameTree: LFG & Gamer Friends,GameTree PBC,3.6
https://play.google.com/store/apps/details?id=com.myyearbook.m,https://play-lh.googleusercontent.com/LLrabnV7_ZqcEWTf0Cfi07zdVyrin9hXzwNX7S4rcmBBdNntFV31aV85xoB5nme2ais=w416-h235-rw,https://play-lh.googleusercontent.com/iCqsm7cH0HX2rNHu298w-dGKEYY4M5krj6yuy322nvY7cC0QG-A2V8aYJ6Euod5zT30=s64-rw,MeetMe: Chat & Meet New People,MeetMe.com,3.4
https://play.google.com/store/apps/details?id=com.google.android.apps.dynamite,https://play-lh.googleusercontent.com/ifeN98AseARDk5ZfyVs96BUNj4AMpj4ohduPvX4NEWyaTxzFHhoqrXL38hJeTZim9A=w416-h235-rw,https://play-lh.googleusercontent.com/yC17R-QYEZLmTMB7hD8KRjnWu6pJ4qNsdNQibLw8Z07kyY08IRbS89z7kATx75SR9A=s64-rw,Google Chat,Google LLC,4.4
https://play.google.com/store/apps/details?id=com.tinder,https://play-lh.googleusercontent.com/Hc7K7VykwNS4YRyQLOVGKytQleFbtxYo1X3lIrFzi_-GRJG8ZkM67B3UzNxxMWqDbyo=w416-h235-rw,https://play-lh.googleusercontent.com/_gulxpc6Q2Cx_J__aIbbnbsN3LCVKvcEiPXghoqs5oCxBi5YtKQKn5y0mL8YCxSn3JU=s64-rw,Tinder Dating App: Chat & Date,Tinder LLC,3.4
https://play.google.com/store/apps/details?id=com.bumble.app,https://play-lh.googleusercontent.com/Tz9sXjlv-XrWtJ1MSGFybQElC8JJngh3ebF99diqNE-ElMI4jJbnbBfVCvipWotQtbTl=w416-h235-rw,https://play-lh.googleusercontent.com/lRFIGamND9yXheXbLBVACCTArKeKBM-AEmVrztXF8BOqGWwGwRrLEFet8imQAKUWvQ=s64-rw,Bumble - Dating. Friends. Bizz,Bumble Holding Limited,3.7
https://play.google.com/store/apps/details?id=com.badoo.mobile,https://play-lh.googleusercontent.com/nDHgesompe1slBjaBW8wqNgKlPWOcS3XvTshQ4QWeuQT5EWcQRYNHdsywI0fONiXG_rj=w416-h235-rw,https://play-lh.googleusercontent.com/mix0TYeOXNQ8vCIKE-dwOlCUrb5RKuJJVdmWmDfjosD1l-Btx08-rZRK0e91ap_gMrw=s64-rw,Badoo Dating App: Meet & Date,Badoo,3.8
https://play.google.com/store/apps/details?id=enterprises.dating.boo,https://play-lh.googleusercontent.com/a4MnPGXRaw3zNQsBSnXn-Sok7hxMMC17pvSrilndOBI1_Dtd42YPk_JAI9HXNvmxTZ4=w416-h235-rw,https://play-lh.googleusercontent.com/7odIr8zuMI5ddrSG6KtefaVNEvKBoiGzo6Q96lowbP5tLFhqiqUl3Mc16PMk2E1m9g=s64-rw,Boo: Dating. Friends. Chat.,"Boo Enterprises, Inc.",3.8
https://play.google.com/store/apps/details?id=com.zeetok.videochat,https://play-lh.googleusercontent.com/Unpko3_QSmdehI_n-Kj0i1wPAZJK7FFZeE8YofPSkhYOcKJ33zexV2GGpvOBjSRd8g=w416-h235-rw,https://play-lh.googleusercontent.com/peC41nPDnfd-wwQNRuFGs7ZGODuJgt6PDUFDGc71qCjRhxETEu-GJyN51XnKMRioD8c=s64-rw,Zeetok - Meet and Chat,ZeetokSocial,4.2
https://play.google.com/store/apps/details?id=com.halo.mobile,https://play-lh.googleusercontent.com/xbHAy1eNWdkoZthj7DjLhebBz-QKRb507fxMvDCYNo6cnudvPkP3he6ILwcmlclnwRnN=w416-h235-rw,https://play-lh.googleusercontent.com/QtRU9x3c0Y_LlqjgP13j512WcyB7gF-QNFdrGkX8OUYAGTLr5FtnlAUf8dwbUrzD6p0=s64-rw,LightChat -Voice Chat & Meet &,Guangzhou Time Online Network Technology Limited,4.4
https://play.google.com/store/apps/details?id=com.ftw_and_co.happn,https://play-lh.googleusercontent.com/h7kND9-bSmzpdtgvdMxqfEVYbAbAW2R1gyktGeGzH9uBIeHOSCmchrHquTS7fVH_GZk=w416-h235-rw,https://play-lh.googleusercontent.com/DDE8YDPYKatiNO8GLTDwNP7FvmmApAx5N4ow4gglmsZQtl9CXFrB793pvSkwHiiMKw=s64-rw,"happn: Dating, Chat & Meet",happn,3.4
https://play.google.com/store/apps/details?id=com.flirtini,https://play-lh.googleusercontent.com/4szM-yAgVcpP3a_eXmgqVU8qtsfxPRZ7ZsZxQ9EOliSOCq2U1cltCSizm4gjgq8Pyw=w416-h235-rw,https://play-lh.googleusercontent.com/u9yQ4L31NSlsEPnQN4oKhog0tkKbwNLjt5L4kgaJqW4-FB2-JFlJVs96_tCIdN3YeQ=s64-rw,"Flirtini - Chat, Flirt, Date",Xymara LTD,3.8
https://play.google.com/store/apps/details?id=com.pof.android,https://play-lh.googleusercontent.com/9gaJyaVWnJnfFHb4IW7CpsPfINK_RELRXZYz-lXQsEqsWLnZKAk5Br4sENemJtvAQcDm=w416-h235-rw,https://play-lh.googleusercontent.com/aTMFxLXK9hMjPx9m3ASk3PuZArzBF6nPZnX_RZQNugYAs6q-DlLFvbrMByHA_E0bhEDs=s64-rw,Plenty of Fish Dating App,Plentyoffish Media ULC,3.2
https://play.google.com/store/apps/details?id=com.bumblebff.app,https://play-lh.googleusercontent.com/kYpgZ7hUdc2lQ1REUfuq4Xud5Q3DO981xk2CAPQu6_jok67nk0cP-4f-ocleb000eA=w416-h235-rw,https://play-lh.googleusercontent.com/H_cQSHvCfiI5ls2LGnEVTeFcKNQ-CKRChVdKnw8JxzN2dqX7B4EDcnHeykN38JrIAAQ=s64-rw,Bumble For Friends: Meet IRL,Bumble Holding Limited,3.4
https://play.google.com/store/apps/details?id=com.jaumo.casual,https://play-lh.googleusercontent.com/sJiQA8oXYFAKfBJU2sKuBhbKR9R9rCfPRD0EXvi06ecbN0hB6En4UOE4v_rd5k2WKAk=w416-h235-rw,https://play-lh.googleusercontent.com/GEewuzdlm7JedsYyU_UGuCzHApNsacpoaViLZuXtEVIuNwjYb3qvZuYBhQl5IBM4Rho=s64-rw,"CSL – Meet, Chat, Pla‪y & Date",Joyride GmbH,4.2
https://play.google.com/store/apps/details?id=co.yellw.yellowapp,https://play-lh.googleusercontent.com/DZgMp3WaXHeyhWZh0MmMQDSxaOUYM3NJ14wQ4L0KM4VdCBRKjCu6PW8Dqp50GNkbbA=w416-h235-rw,https://play-lh.googleusercontent.com/2qbho4zgupoplTS8PXJRtmRiiyyc4-bCtv9u4HnnpWhdQxEZvwT5y2tKeYSB8H584g=s64-rw,Yubo: Make new friends,Twelve APP,4
https://play.google.com/store/apps/details?id=com.okcupid.okcupid,https://play-lh.googleusercontent.com/N_6ycSU5w60O802FOGKikUZxK7yi8kfcYEu2niZmvcQW_WlYlb2m-6tEWWVcg35Eaw=w416-h235-rw,https://play-lh.googleusercontent.com/paVjCzUNZBzQ8RI4TttQGM7PpW2IZuFgT_ryeAYs-mBBDWk2q7cX8bv6-_t2hnI5hZo=s64-rw,OkCupid Dating: Date Singles,okcupid.com,3.1
https://play.google.com/store/apps/details?id=com.wakie.android,https://play-lh.googleusercontent.com/yBLwAxTq-HBqm6_sVxU6wenjnCOdPeJ1P2ovD4xYuCL_5mL2rEnkDxfX0vzyEuf7ByI=w416-h235-rw,https://play-lh.googleusercontent.com/lX-HFT4NnhGGNXolo5nKc5HiEjyoQKtXlISxkBCwINx2R7gK6pb_uEkwqvZk80b2AmA=s64-rw,Wakie Voice Chat: Make Friends,Wakie,4.2
https://play.google.com/store/apps/details?id=com.takimi.android,https://play-lh.googleusercontent.com/iLNMlSyL2nC1Ji_da2aUTixPK0l34yzBIiQRznKGBXHZ1NKk0oMJOY-FDLxIY40h008=w416-h235-rw,https://play-lh.googleusercontent.com/xgGXqA-veNrVauoZj1wo9XqsO6cahkf4uurSTTPoDwUGXQQMYHrtWRdA14vg9ClEVA=s64-rw,Taimi - LGBTQ+ Dating & Chat,Social Impact Inc.,3.8
https://play.google.com/store/apps/details?id=com.waplog.social,https://play-lh.googleusercontent.com/6qHovQrttK9lQOD4NLOnn0oiIVXtmo9qZvfNTOByhe-jBNX89RGhq0HQTgA9Pv0RUQ=w416-h235-rw,https://play-lh.googleusercontent.com/kxebsVK5EmLk8rU9kLkHRj8MXE3Du17RhIa7_MDcBdymZLv4lKmYzq-Rol4IK-wAQw=s64-rw,"Waplog: Dating, Match & Chat",Waplog Dating Apps,4.3
https://play.google.com/store/apps/details?id=co.hinge.app,https://play-lh.googleusercontent.com/z8s6U3MGIwotocaU-0X5Gq_NTjh_5FR8KAgTwpi5m6ESme0YPTvitpHvQuMXW5DvmA=w416-h235-rw,https://play-lh.googleusercontent.com/5P5svqXNCWqE0NtHSV91pl2YUGKJ2aitjaUWIVZd-65AtskDVO2o9bpYx1oAV9fr0-nt=s64-rw,Hinge Dating App: Match & Date,"Hinge, Inc.",3.3
https://play.google.com/store/apps/details?id=com.match.android.matchmobile,https://play-lh.googleusercontent.com/ZTxKqNl1oysRusIbwKmZ4y56hLpeCTeXQJD63Ov1B2K2p9PJB-jfjDoN-7tDtVMYMg=w416-h235-rw,https://play-lh.googleusercontent.com/y6iCFBHUmbKyptLeu6d6QGwbMDIAYKM3zrkIMTjS88ot2v630Hu3bIXH1GLxGkz470e1=s64-rw,Match Dating App: Meet & Date,"Match Group Americas, LLC",2.9
https://play.google.com/store/apps/details?id=com.hickeyapp.app.android,https://play-lh.googleusercontent.com/2e7BHEkE7u9ghU89iZXj_jsVShKbMKaDb-ECBLkNlJAr-Cg9cxpUBwmotDID9358Ys7c=w416-h235-rw,https://play-lh.googleusercontent.com/xpX5w34G9QV1XPag2GuJdioMpbed-QMSbcOytfXil8RYy91rm42mTviA-OIjzUGDyA=s64-rw,Local Meet & Dating App：Hickey,Nextouch,4.2
https://play.google.com/store/apps/details?id=com.mobile.android.eris,https://play-lh.googleusercontent.com/97_lzmw2OBBzSFYqvaCUcIcV0v-2m5K-Lm1a6GpfdlpAyNt7xnN4uJ6EBc2kqtRvAQ=w416-h235-rw,https://play-lh.googleusercontent.com/nXkV00-UZS9KYhEgPjp5KQneP0WDTIfltxN7rV5VP7dHsWZE1FmMzGzRpWstKSzyZJ7I=s64-rw,Eris Dating App: Meet People,Eris Group,4.4
https://play.google.com/store/apps/details?id=com.dating.android,https://play-lh.googleusercontent.com/nNDmkpT72MoyM-VO6CXl0BJ9oI9mquAPuTvlXrFD63OmqhzuGjXS0b1fm-hwcEGAUFA=w416-h235-rw,https://play-lh.googleusercontent.com/P5FK0r9bQAB45Wt-BUyx86RacNsFzgKS_Zbrf4UGpcdrZz9VMUdvH3e6U-ytbQXX2Jo=s64-rw,Dating.com: Global Online Date,DMM SOLUTIONS INC.,3.9
https://play.google.com/store/apps/details?id=social.hunch.app,https://play-lh.googleusercontent.com/DDaFXDp469_zKdywIWez1GpHMovPemFD8qnc__VBqutpwBfvuBNyHSqAvghFxkb179w=w416-h235-rw,https://play-lh.googleusercontent.com/4bBJsO50iaok7DIadw_XmCr8fiXwr0IcEIMXCGuO9WxDKfeoOSgXCNMi55chQlL6jB0=s64-rw,"Hunch - chat, vibe, date",Hunch.,3.2
https://play.google.com/store/apps/details?id=com.datemyage,https://play-lh.googleusercontent.com/jvgiM0dZTTaqa3RG2wHb-qJQgIuMYEgpdfKL8Od6W_hZTtuaMv-LP1tPZv5oaPKHdAs=w416-h235-rw,https://play-lh.googleusercontent.com/RKfbKXLQNBkRX_GwdiopdthJraM7vLhdNQdE_QJV_CuRigijQ6eRqz6pHNzZBwZPgUg=s64-rw,DateMyAge Mature & Senior Date,Stende Solutions Limited,4.4
https://play.google.com/store/apps/details?id=com.connected2.ozzy.c2m,https://i.ytimg.com/vi/KywUkUQrK8c/hqdefault.jpg,https://play-lh.googleusercontent.com/R-L05nHOF7Tj1HkwsFH6pbrsfpMlyhKp3srq2O8vbIalY8nnaMJox_CjbysWBg-EXLsG=s64-rw,Connected2.me Chat Anonymously,C2M,3.9
https://play.google.com/store/apps/details?id=de.mobiletrend.lovidoo,https://i.ytimg.com/vi/LLLuIqJyyYo/hqdefault.jpg,https://play-lh.googleusercontent.com/73IZN-uPJyY-z4ZoOM3U9dgk-dacDCFLN0RFAjI0b7RLqSKjpxetz0Dm_3TEc9Qrtro=s64-rw,yoomee: Dating & Relationships,mobile Trend GmbH,4.3
https://play.google.com/store/apps/details?id=com.minderapps.minder,https://i.ytimg.com/vi/Dz_KqfMOkbY/hqdefault.jpg,https://play-lh.googleusercontent.com/V3kY5fCUhlAgD33LyUGwqVu-g9vDNm73J7t7Al9fVttobtptsC-TpLEH5lpqxIFX7Q=s64-rw,Salams - Where Muslims Meet,"Minder Apps, Inc.",3.7
https://play.google.com/store/apps/details?id=com.jaumo.prime,https://play-lh.googleusercontent.com/4pJkdQUdlz1XFK-YiqPPPxvpj5LyKz1S9URCx8Um7hi12ZxpgWmoFz-Dt6OO_ZyhBZrJ=w416-h235-rw,https://play-lh.googleusercontent.com/c9SekQWKfZpH_pTJuC9tqtOV7zncFBzeFS0wZMj8glkIWWSiA_U5Rx9dWiINtjSMAjw=s64-rw,"BLOOM, Meet Singles. Find Love",Joyride GmbH,4.1
https://play.google.com/store/apps/details?id=com.udates,https://play-lh.googleusercontent.com/hlekEmOI2cbKCBxde8JrjmDfz5Trct99NscWdC7ksI81Rn6ykcbPSiz2cupuhC60xQ=w416-h235-rw,https://play-lh.googleusercontent.com/uE-6xhHQaQEXal51oN9Rwbp6HYnwGgrdVewQKTvfbQqAcC77gnCLlnnyaKBxtxFC3tg=s64-rw,Once: Find your Perfect Match,Xeanco Ltd,3.8
https://play.google.com/store/apps/details?id=com.dating.for.all,https://play-lh.googleusercontent.com/rV_7D4VJASR7V14AVt2OvpkmRC4utY0t37sQhHr9OQrphPUt_nty_MN2er_EZWegp9w=w416-h235-rw,https://play-lh.googleusercontent.com/0MSFdhKzqDWOJTEkvH6rEhk3nDpoPp1mEGXBuOMRfPvetru5bntKlrahum_HW3Y3PMo=s64-rw,FRND: Talk to Friends Online,FRND,3.6
https://play.google.com/store/apps/details?id=com.hubolabs.hubo,https://play-lh.googleusercontent.com/87DvHb3k2MW0FaRoNCvZnV0w3IiU-9871carJIaAEFuJYjqsJ-lO5gVcQytm67d7UA=w416-h235-rw,https://play-lh.googleusercontent.com/ZSDiLoqQ5S9mqgXIWRv_XJAN33ZwMFLXiK7BWPY9aK5RbzVM82YCLIMa8196a4WI1Rk=s64-rw,purp - Make new friends,hubo Labs,3.8
https://play.google.com/store/apps/details?id=com.bumblebff.app,https://play-lh.googleusercontent.com/kYpgZ7hUdc2lQ1REUfuq4Xud5Q3DO981xk2CAPQu6_jok67nk0cP-4f-ocleb000eA=w416-h235-rw,https://play-lh.googleusercontent.com/H_cQSHvCfiI5ls2LGnEVTeFcKNQ-CKRChVdKnw8JxzN2dqX7B4EDcnHeykN38JrIAAQ=s64-rw,Bumble For Friends: Meet IRL,Bumble Holding Limited,3.4
https://play.google.com/store/apps/details?id=co.yellw.yellowapp,https://play-lh.googleusercontent.com/DZgMp3WaXHeyhWZh0MmMQDSxaOUYM3NJ14wQ4L0KM4VdCBRKjCu6PW8Dqp50GNkbbA=w416-h235-rw,https://play-lh.googleusercontent.com/2qbho4zgupoplTS8PXJRtmRiiyyc4-bCtv9u4HnnpWhdQxEZvwT5y2tKeYSB8H584g=s64-rw,Yubo: Make new friends,Twelve APP,4
https://play.google.com/store/apps/details?id=com.bumble.app,https://play-lh.googleusercontent.com/Tz9sXjlv-XrWtJ1MSGFybQElC8JJngh3ebF99diqNE-ElMI4jJbnbBfVCvipWotQtbTl=w416-h235-rw,https://play-lh.googleusercontent.com/lRFIGamND9yXheXbLBVACCTArKeKBM-AEmVrztXF8BOqGWwGwRrLEFet8imQAKUWvQ=s64-rw,Bumble - Dating. Friends. Bizz,Bumble Holding Limited,3.7
https://play.google.com/store/apps/details?id=enterprises.dating.boo,https://play-lh.googleusercontent.com/a4MnPGXRaw3zNQsBSnXn-Sok7hxMMC17pvSrilndOBI1_Dtd42YPk_JAI9HXNvmxTZ4=w416-h235-rw,https://play-lh.googleusercontent.com/7odIr8zuMI5ddrSG6KtefaVNEvKBoiGzo6Q96lowbP5tLFhqiqUl3Mc16PMk2E1m9g=s64-rw,Boo: Dating. Friends. Chat.,"Boo Enterprises, Inc.",3.8
https://play.google.com/store/apps/details?id=com.dazz.hoop,https://play-lh.googleusercontent.com/e0N1x_z4mdnmSnQFcl6vdT4E3h7papv-3yTRjv1E-6WxfQo9QpTIQ7k3DPZQBmQqOSM=w416-h235-rw,https://play-lh.googleusercontent.com/IEbtDFfx84oGJxAjMuGDOEA3gRpDqhePZ2pAkpdz2GAPBLp8Pyg5SP5AAVstmPSeSQ=s64-rw,Hoop - Make new friends,Hoop app,3.8
https://play.google.com/store/apps/details?id=com.slowlyapp,https://play-lh.googleusercontent.com/JGc1eGaHhslnaSKbH4ibGNifvH6wImRZsk3xgfL_fXnLPG5yIgUPvVpD51hB59V_P7a7=w416-h235-rw,https://play-lh.googleusercontent.com/6hb_cN9udjof_fuBBoWBiE8lrLoymAaOPWvIRbCcfW-SuNhxaXx-6PA8Adq-X5G0Gw=s64-rw,Slowly: Make Global Friends,Slowly Communications Limited,4.4
https://play.google.com/store/apps/details?id=com.wakie.android,https://play-lh.googleusercontent.com/yBLwAxTq-HBqm6_sVxU6wenjnCOdPeJ1P2ovD4xYuCL_5mL2rEnkDxfX0vzyEuf7ByI=w416-h235-rw,https://play-lh.googleusercontent.com/lX-HFT4NnhGGNXolo5nKc5HiEjyoQKtXlISxkBCwINx2R7gK6pb_uEkwqvZk80b2AmA=s64-rw,Wakie Voice Chat: Make Friends,Wakie,4.2
https://play.google.com/store/apps/details?id=com.meetup,https://play-lh.googleusercontent.com/cbk6r_zrGVHSk3P9k7HnpyH3hsAoWtgkpkBp7grdOZDY4KOpwYPOxEVwLK80BOT7dOE=w416-h235-rw,https://play-lh.googleusercontent.com/byNQj20XRp7MfIVK7WryqB4jdyZceL087ABgIjwzZqw9y339Nz0_KLS_1B7ak51QLEg=s64-rw,Meetup: Social Events & Groups,Meetup,4.2
https://play.google.com/store/apps/details?id=com.litatom.app,https://play-lh.googleusercontent.com/FYsuqYhR79liHKiEGCO41iGiXkSUkI7XeAL7GUC080_TYjJSmObjrz2_s7CpgMkHuAg=w416-h235-rw,https://play-lh.googleusercontent.com/a2HLOHpXniFGGEOxr6fcAkhmjQTT_r9IK2p23c9RDdvJAioZrSsyIwBdaxqRF7qScW0=s64-rw,Litmatch—Make new friends,CONSTRUCT TECHNOLOGY,4
https://play.google.com/store/apps/details?id=com.teampeanut.peanut,https://play-lh.googleusercontent.com/h3AwCWkVVk_kzW0MSk0FYX6VJ2tb41vQmPU52LXs2PQVsl_mSCzVfYy-7RZFVHqVE0c=w416-h235-rw,https://play-lh.googleusercontent.com/a04YCcrEe-A_qchDz9LOcxxZi28mt6ZTX-6VczZPOFYfJUjmDuejghctcUj4eFKcIGA=s64-rw,Peanut App: Find Mom Friends,Peanut App Ltd,3.9
https://play.google.com/store/apps/details?id=com.dior.kFriends,https://play-lh.googleusercontent.com/oz14hFMdp_DnrELVXP_0gG-udlwQaEeNUPxVYVirOD3k5T0RoGTJ2S36eCBgPfzEFX_0=w416-h235-rw,https://play-lh.googleusercontent.com/xJcQ6gPT9gAas6WGHazy47idFERAGhyn8pSJWQekp115OSiTLLStUfT5Voh--sxTGxY=s64-rw,K-Friends - Make Korean Friend,Kfriends,4.7
https://play.google.com/store/apps/details?id=social.hunch.app,https://play-lh.googleusercontent.com/DDaFXDp469_zKdywIWez1GpHMovPemFD8qnc__VBqutpwBfvuBNyHSqAvghFxkb179w=w416-h235-rw,https://play-lh.googleusercontent.com/4bBJsO50iaok7DIadw_XmCr8fiXwr0IcEIMXCGuO9WxDKfeoOSgXCNMi55chQlL6jB0=s64-rw,"Hunch - chat, vibe, date",Hunch.,3.2
https://play.google.com/store/apps/details?id=com.guppir.swipr,https://play-lh.googleusercontent.com/N-ApO4TTrQH3XJFemK5Jq_FmmwveyM3x8-sALiJAdq_PmFr572ztmzaND2CTjA2LOrI=w416-h235-rw,https://play-lh.googleusercontent.com/KsCewcbhguiV2WXb5o-NM28xhZlhukM1JWU__L7POklqA3CP2DFXVfco8b4acM3wWHg=s64-rw,BeFriend: make friends nearby,ORBITECH PTE. LTD.,4.2
https://play.google.com/store/apps/details?id=pdb.app,https://i.ytimg.com/vi/9HbDz9niC0w/hqdefault.jpg,https://play-lh.googleusercontent.com/ZLs7Qq0ypc2Fy5iUbpTyIwNDn1BeNyaiXuF1iqnDH_k_z-aYGZFjZPS0Jfa1VAavDg=s64-rw,Pdb App: Personality & Friends,PDB Community,3.6
https://play.google.com/store/apps/details?id=com.zynga.words3,https://play-lh.googleusercontent.com/m3QO6tnw6bqcA3tbr8WL9-RbHD-5bSJlr9Cue-I5ERyWGwunw_CIRBb1lCepXPuz--Kw=w416-h235-rw,https://play-lh.googleusercontent.com/_dxjvWFkxYpEODJXdyK01GdhPr8csMt-aMI0y1e1fuz5ehxvgnEPx8cskLU-1jXpnWE=s64-rw,Words With Friends 2 Word Game,Zynga,3.9
https://play.google.com/store/apps/details?id=com.tinder,https://play-lh.googleusercontent.com/Hc7K7VykwNS4YRyQLOVGKytQleFbtxYo1X3lIrFzi_-GRJG8ZkM67B3UzNxxMWqDbyo=w416-h235-rw,https://play-lh.googleusercontent.com/_gulxpc6Q2Cx_J__aIbbnbsN3LCVKvcEiPXghoqs5oCxBi5YtKQKn5y0mL8YCxSn3JU=s64-rw,Tinder Dating App: Chat & Date,Tinder LLC,3.4
https://play.google.com/store/apps/details?id=com.clubhouse.app,https://play-lh.googleusercontent.com/ws06ggtHcT-IUUp92yxKp2QbT0RF2k5qnPHIM36oSiLZV-8VcDWrMQSJ0XpdK_rx3yQ=w416-h235-rw,https://play-lh.googleusercontent.com/AQa5kjFAEk7uyYWhDmLzjuz3zMAVhF3853CRr0vmAboeA7KE4-HAWKZdx9OCmswz7Sir=s64-rw,Clubhouse,Alpha Exploration Co.,4
https://play.google.com/store/apps/details?id=com.lightspace.lmk,https://play-lh.googleusercontent.com/qUHv65-CDLMD7gwevRRo-W7UIvMxk-mOn7U9hchGdBF-8o2OPIeOqSPMI1LnXoTqb9c=w416-h235-rw,https://play-lh.googleusercontent.com/V3tQSnvUIUtlPJHuadNYfV_IbFHS8KcNMeWqBg2LqyA--QtmITKzFJ5hP2LASdx61A=s64-rw,LMK: Make New Friends,LightSpace inc,3.7
https://play.google.com/store/apps/details?id=urmytype.app,https://play-lh.googleusercontent.com/HlB5yQSs9X4jCUTOKhMkyvireo0ZnVrCqhZzoDik9yWbQczX9FEYK1JqM-lxfYRQLy1x=w416-h235-rw,https://play-lh.googleusercontent.com/S1baGh6wApop8v35KRVmx_WAJmxluQnx_tiAo7Y8svhnGFa6UZzrq9PaS0gbObPzpw=s64-rw,Ur My Type - Dating. Friends.,UR MY TYPE LTD,4.7
https://play.google.com/store/apps/details?id=com.theedo.noobly,https://play-lh.googleusercontent.com/HrRHfbQNP4kITjUViJs8rrmzT8gGLmgKtcjzzDSCZIq7s4S_a19A9Q0FOkZPgWQPfA=w416-h235-rw,https://play-lh.googleusercontent.com/0na0NPwb4Zm-KAld35o_ExZwErSYosmVPL_kThRZu7DLogH5dd9rSkTYxzHZ9ip6Tw=s64-rw,Noobly: find gamer friends!,Edo developers,4
https://play.google.com/store/apps/details?id=com.dinoapp.chat,https://play-lh.googleusercontent.com/phFLPHO0g9VuMs2fQbOAgdbq-Bz-F6ovOUaH7F0TOAA20-Hn_7HpOdTbaih9VYS8jkA=w416-h235-rw,https://play-lh.googleusercontent.com/dkT3xr5_y0eMAjPlOmYxMWxQYCiPa7OV1AQOx5vIWejwd5rZGQ66eTTzWbtSpebd1DM=s64-rw,Dino - Meet New Friends,THE GREAT DINO LIMITED,1
https://play.google.com/store/apps/details?id=app.waveful,https://play-lh.googleusercontent.com/IRgoptbgl9D_QNu7j1QCAD1OpKeoXR8nHhcDbTBJ72yf635UO1AMuJA4Isl-qI5b9GQ=w416-h235-rw,https://play-lh.googleusercontent.com/XecR3AEY88WT26GcmVjUu9gCqf0Cjj6HWNIAM9hhRIoLNfAAmuOHo8Fip7yZnPYGGv4=s64-rw,Waveful - New Friends and Fun,Waveful,4
https://play.google.com/store/apps/details?id=dk.doubble.dating,https://play-lh.googleusercontent.com/zQ_64DI_PFt4G9LEWJEJ3CMJ5KBTzsA78mKay5eIWTKCPUYd1VVcNRWlrVpjEcyv7gw=w416-h235-rw,https://play-lh.googleusercontent.com/SnFF4nC4_Xuj3wfQ1pQT3G-N5teVjHdEgaOj_fpNWx3BiguYIf5NZRrDCPpXSZdI0w=s64-rw,"Doubble: Dating, Chat, Friends",Doubble ApS,1
https://play.google.com/store/apps/details?id=com.feels,https://play-lh.googleusercontent.com/RDIPqoy2vAFjB7Zi7jSPJ-8aY-XBddc1HEqtrP2Mvn7iwcazjTmhe6vTiDlCIyw0eLH1=w416-h235-rw,https://play-lh.googleusercontent.com/j0XKk5EmVcZjQzgRPgQKitXTq9aKkuWdEdozAIMBBWPiYBYqZ0heNX48o8WFu9Ivn_0R=s64-rw,Feels - dating & friends,Feels app,3.2
https://play.google.com/store/apps/details?id=com.myyearbook.m,https://play-lh.googleusercontent.com/LLrabnV7_ZqcEWTf0Cfi07zdVyrin9hXzwNX7S4rcmBBdNntFV31aV85xoB5nme2ais=w416-h235-rw,https://play-lh.googleusercontent.com/iCqsm7cH0HX2rNHu298w-dGKEYY4M5krj6yuy322nvY7cC0QG-A2V8aYJ6Euod5zT30=s64-rw,MeetMe: Chat & Meet New People,MeetMe.com,3.4
https://play.google.com/store/apps/details?id=com.illuni.moii,https://i.ytimg.com/vi/uKgdRFru3ak/hqdefault.jpg,https://play-lh.googleusercontent.com/kNe_DOjQVz2rRa_PtBfdckcvv7VodEkB7PGH-DV_QZHijqpxl7HCvRQ-Vc3VMvjJ53Y=s64-rw,Moii - Heartfelt Connections,illuni,3.8
https://play.google.com/store/apps/details?id=com.bottledapp.bottled,https://play-lh.googleusercontent.com/eg86uyE1ON4QHe6AmyuisdzY2OXFWope9D1aXPAeVlcLrGRSldTpl0b5lV8Rp081EhUp=w416-h235-rw,https://play-lh.googleusercontent.com/aaGjX6qQAk2yc62CCg8VDddqPsEj3ELvA6SpX_SuXYVmQih77wUrUZm17-jMql-cmA=s64-rw,Bottled - Message in a Bottle,Honi Inc,4.5
https://play.google.com/store/apps/details?id=com.zynga.words,https://play-lh.googleusercontent.com/R6BeXSVQ0BwtC_pToBUBER2dcV3ecNxQtvvkeGkZkuvOOi7G7xHtB-yl6ZD8_3QK61o=w416-h235-rw,https://play-lh.googleusercontent.com/DQL0RwV5C-knAA8JjqMkIwuyZ0GxFxRFgm9dAiBYV4jAomEF2VwSHF5-zS470QTdXWlk=s64-rw,Classic Words With Friends,Zynga,3.4
https://play.google.com/store/apps/details?id=com.bala.ai.android,https://play-lh.googleusercontent.com/oOk2ulMKMJ1VaB9WiHAkBlCEJf6-qQfA8NnRtsuplnUX2YOJR9v4fPTlJZ57EJ5SJ-w=w416-h235-rw,https://play-lh.googleusercontent.com/RI5H5cdjj8JhPAvpoj9LSyWRgCvHqKgGwswxaPNBgxT6SIPgSwueKD-Vc_7RaxbN7uOP=s64-rw,BALA AI: Character AI Chat App,Pallar Media Limited,4.1
https://play.google.com/store/apps/details?id=com.ifriend.app,https://play-lh.googleusercontent.com/vBH6a2oh_yIN_U7OrSsTnPeYRd2YrXEq_8J3g91F-fFBPkaYmikE3RCRJjy2xKxnyks=w416-h235-rw,https://play-lh.googleusercontent.com/Cp8IFcsGWd1LaejrF9Tk_HgHXEZo0mRrJw9GhBfjkSMEaqLQJMGJUNWqe8T_yNwKATM=s64-rw,EVA Character AI & AI Friend,Novi Limited,4
https://play.google.com/store/apps/details?id=com.weaver.app.prod,https://i.ytimg.com/vi/rraBtNg3W2Q/hqdefault.jpg,https://play-lh.googleusercontent.com/yDj27RWz9g1FrDjSAjcuCckeBxBwpYw6Xao1IYXcv2dx7FWT1STR1Ay5SgNyh8EvXHs=s64-rw,Talkie: Personalized AI Chats,SUBSUP,4.4
https://play.google.com/store/apps/details?id=com.aigc.ushow.ichat,https://i.ytimg.com/vi/-sESduwsN9I/hqdefault.jpg,https://play-lh.googleusercontent.com/oNDiMqJU4APyGkExdGt-z4HCh-Z1gvPB-yWjmKU_Jh2SLjGKwmJ1GtmaDbZXMVNfQe0=s64-rw,"Linky AI: Chat, Play, Connect",Skywork AI Pte. Ltd.,3
https://play.google.com/store/apps/details?id=ai.replika.app,https://play-lh.googleusercontent.com/QeROnrAGhNYTHAXkboYUYnywr_0khn1l71Tqfnb7UVGu8e5hmmjtYtWVOUzi_z9AbEA=w416-h235-rw,https://play-lh.googleusercontent.com/2wMbRi2AdaB-SZruBr5vXm4mdsSVkdAhke2JOuBNpSYuP7xaJ4GUYwnTDojSPvbuhn8=s64-rw,Replika: My AI Friend,"Luka, Inc",4.1
https://play.google.com/store/apps/details?id=com.kindroid.app,https://play-lh.googleusercontent.com/l0w3Ow5gmsK8Itp5FL6sl0QjtOy8hk9hvGC82IbsMfNxSKXD9Un_cEzr4bBOHrrUzL_B=w416-h235-rw,https://play-lh.googleusercontent.com/plaMooDMA0URmZGnfDJmn-v4DEP1SGMUXxC0grATSPuXQ8-HgAgijTXVvyU1y1ir_fRd=s64-rw,Kindroid: Your Personal AI,Kindroid,4.5
https://play.google.com/store/apps/details?id=com.withfeelingai.test,https://play-lh.googleusercontent.com/2YiqtDDzzoQUFpSZsBCuRUZWzBmqll1vdw3oLS_O2ITgZ05bjNqhwphU0lgCGxLbYg=w416-h235-rw,https://play-lh.googleusercontent.com/_xDy-HFb1X90UYRp6-0QNpmen6RHVVRQ4DEf0B1-4XJQOvfz027XKAa9m3t5qUdVpJ65=s64-rw,Paradot: Personal AI chat,WITHFEELING.AI,4
https://play.google.com/store/apps/details?id=ai.character.app,https://play-lh.googleusercontent.com/Ag0Gh0_bB_g_9CV4xMq8ak_Ep5Yfzbs08cSpXpzz0SFp-U3-TqoXfbCc_Nnk68stPfA=w416-h235-rw,https://play-lh.googleusercontent.com/fTNuw4Wv-JbIvq3yONyqU2aGQ0eB6vTgHYrjmq6MlMtngeR75Qp_at5kiYUs7P6LnqU=s64-rw,"Character AI: Chat, Talk, Text",Character.AI,4.2
https://play.google.com/store/apps/details?id=com.rosytalk.ai,https://i.ytimg.com/vi/OhgE4B06s5Q/hqdefault.jpg,https://play-lh.googleusercontent.com/hQqw_OCWx5OpsZ8445fTtfpJ3yGFh21TJAY8dkGFFTcWVMErAZANGwNe2eifV3fZxqA=s64-rw,Rosytalk-RP lover AI character,Generatively AI Studio,2.8
https://play.google.com/store/apps/details?id=com.dating.ai,https://play-lh.googleusercontent.com/CqLHXo-bQCnWHPqiVDxy_3C-y3yP3jjGdBi3WYH_fhiNph-WGnyk5tBTbqet1crAHd8=w416-h235-rw,https://play-lh.googleusercontent.com/ciJws0CpXaeggmLNpriEsVAYgt4ixu5kKLKznSOR1Yi_CnvUWeT51zTcmUDc5s7itnk=s64-rw,Flipped: Chat & Dating with AI,Kosmos AI,4.5
https://play.google.com/store/apps/details?id=com.vaib.chat,https://play-lh.googleusercontent.com/0w_WDHGzM6eSWmvJSqXwxju9IYe6sfqgyxcZkPYpXSilX3c5qIiqHPOWHu_A6lhKww=w416-h235-rw,https://play-lh.googleusercontent.com/EEhw8hE2VNSj-_8-wbbxNSPFib7EFMPrrBr4jGcc_czmSLAUyGSfURbarc1hMIJcuw=s64-rw,Vaib: AI Character Chat & RP,Vaib Labs AI,4.6
https://play.google.com/store/apps/details?id=com.pheon,https://play-lh.googleusercontent.com/dZ7FIzPHptoYZEzFm13q1PSjAWMkieycrCXNhHlbA10P_U_TJzQ-hy_XQ0ZAQx50cI0=w416-h235-rw,https://play-lh.googleusercontent.com/1lcInVfGdVt2ozlAquiZCD8OrdaVgPVAqWT2wM4elFBy0mHjs_58Mheia7aEbL_8iQlS=s64-rw,Pheon: AI Girlfriend Chat Bot,Pheon,3.3
https://play.google.com/store/apps/details?id=com.kodrak.aidreamgirls,https://i.ytimg.com/vi/4ob5Ij95ho8/hqdefault.jpg,https://play-lh.googleusercontent.com/jn27DVHA9ZJdKtSpFO4XIeEBQkMRqanDQIqz57tbBPo42Ha6tYNJ_e7auRzdGkiNRlUd=s64-rw,LoveGPT: AI Boy & Girlfriend,kodrakcompany,4
https://play.google.com/store/apps/details?id=ai.nomi.twa,https://play-lh.googleusercontent.com/Rr8V3yMhzdo6Y2DZmxCJmqws5dtOz8yVCnduJmFn40XOeh8exLLlm397i60qmMqJJXU6=w416-h235-rw,https://play-lh.googleusercontent.com/3plBpju7QdVUJNCZlJiVC13aHz9C6seDPAuG3VRZi76G6dB33tMGVI6MLfHC4lqkrHQ=s64-rw,Nomi: AI Companion with a Soul,Nomi.ai,4.3
https://play.google.com/store/apps/details?id=com.aichatbot.aimate,https://play-lh.googleusercontent.com/wEAg3KEGRGr0owzH_nrxEYSwdObfVavgoyYHEM9qcliNRXdWC9UOct0rSrB8g7F75dEM=w416-h235-rw,https://play-lh.googleusercontent.com/zpWQ3MOWJM6nGcuEVBl6YY7GG6A7XDdr2J2WjTXRtQdTsJzlzS9pl--ZAlvWQG9sDW0=s64-rw,AI Girlfriend - TruMate,AI Design Labs,4.1
https://play.google.com/store/apps/details?id=com.xverse.aistory,https://play-lh.googleusercontent.com/o5ISrpBE89LKOr6wWgCskoEj7mp6tMqsggKXNM6fZBhiTn3GyD99qgnCXdEfqAw7Fnka=w416-h235-rw,https://play-lh.googleusercontent.com/RG5z3P1jy6sAd8YkRxX-nPZZfMf5KI69W0lg1dehWvpfrlXwWsdLZjzn_usaC0OskPU=s64-rw,Saylo: AI Character Story Chat,Xverse Studio,3.8
https://play.google.com/store/apps/details?id=ai.blush,https://play-lh.googleusercontent.com/thoE2h2QY8uLMFN5D7Ue6fVFSITWGHFJO_B-e8Xw1Ygv80NBBB0s3xjFi2xgLr0Jtg=w416-h235-rw,https://play-lh.googleusercontent.com/bxnZruVZS6neOSqX9j4cvkxAzoZIbtlFvRAIs_IV_bvZkiuSPfwR5vHhWfXQkL-Ndg=s64-rw,Blush: AI Dating Simulator,"Luka, Inc",4
https://play.google.com/store/apps/details?id=ai.botify.app,https://i.ytimg.com/vi/Q88mRe__bto/hqdefault.jpg,https://play-lh.googleusercontent.com/Tq1y67UfsSk4pDDiErvSJ7WoMx9eFFdHXYvVopc69QSzvQmDgKP_-l-JEXiGLrZyPg=s64-rw,Botify AI: Create. Chat. Bot.,"Ex-human, Inc",4
https://play.google.com/store/apps/details?id=com.fantasia.ai,https://play-lh.googleusercontent.com/iHbEad-JPmvRNkfuS7kr8e-LjgIGtdc83YV0FcFozkK1GJLUkrdSWeoCI_yaZAoIjcY=w416-h235-rw,https://play-lh.googleusercontent.com/o7_DzkCkN_RRRaeqmVpPz2EXq5Qz_Aoyb7YIBU9T4kLTEzZYBzl-M8LXZtFMj5MVWYE=s64-rw,Fantasia: Character AI Chat,Generatively AI Studio,3.6
https://play.google.com/store/apps/details?id=mobile.dopple.ai,https://play-lh.googleusercontent.com/lyXAqprSQCd1sd1jpuGXTEMY9zRqaxp_VhfcyUyma2ssS5LSFrwIu8j8NNGrecybScs=w416-h235-rw,https://play-lh.googleusercontent.com/DMYQIu7sHFUZF_Mog5Znc2pfFjf_BmXGP-FleZh9XDt9oDtgZs0QJkdkeb57p_70cg=s64-rw,Dopple.AI,Dopple,3.9
https://play.google.com/store/apps/details?id=co.hinge.app,https://play-lh.googleusercontent.com/z8s6U3MGIwotocaU-0X5Gq_NTjh_5FR8KAgTwpi5m6ESme0YPTvitpHvQuMXW5DvmA=w416-h235-rw,https://play-lh.googleusercontent.com/5P5svqXNCWqE0NtHSV91pl2YUGKJ2aitjaUWIVZd-65AtskDVO2o9bpYx1oAV9fr0-nt=s64-rw,Hinge Dating App: Match & Date,"Hinge, Inc.",3.3
https://play.google.com/store/apps/details?id=com.bumble.app,https://play-lh.googleusercontent.com/Tz9sXjlv-XrWtJ1MSGFybQElC8JJngh3ebF99diqNE-ElMI4jJbnbBfVCvipWotQtbTl=w416-h235-rw,https://play-lh.googleusercontent.com/lRFIGamND9yXheXbLBVACCTArKeKBM-AEmVrztXF8BOqGWwGwRrLEFet8imQAKUWvQ=s64-rw,Bumble - Dating. Friends. Bizz,Bumble Holding Limited,3.7
https://play.google.com/store/apps/details?id=com.tinder,https://play-lh.googleusercontent.com/Hc7K7VykwNS4YRyQLOVGKytQleFbtxYo1X3lIrFzi_-GRJG8ZkM67B3UzNxxMWqDbyo=w416-h235-rw,https://play-lh.googleusercontent.com/_gulxpc6Q2Cx_J__aIbbnbsN3LCVKvcEiPXghoqs5oCxBi5YtKQKn5y0mL8YCxSn3JU=s64-rw,Tinder Dating App: Chat & Date,Tinder LLC,3.4
https://play.google.com/store/apps/details?id=com.badoo.mobile,https://play-lh.googleusercontent.com/nDHgesompe1slBjaBW8wqNgKlPWOcS3XvTshQ4QWeuQT5EWcQRYNHdsywI0fONiXG_rj=w416-h235-rw,https://play-lh.googleusercontent.com/mix0TYeOXNQ8vCIKE-dwOlCUrb5RKuJJVdmWmDfjosD1l-Btx08-rZRK0e91ap_gMrw=s64-rw,Badoo Dating App: Meet & Date,Badoo,3.8
https://play.google.com/store/apps/details?id=com.okcupid.okcupid,https://play-lh.googleusercontent.com/N_6ycSU5w60O802FOGKikUZxK7yi8kfcYEu2niZmvcQW_WlYlb2m-6tEWWVcg35Eaw=w416-h235-rw,https://play-lh.googleusercontent.com/paVjCzUNZBzQ8RI4TttQGM7PpW2IZuFgT_ryeAYs-mBBDWk2q7cX8bv6-_t2hnI5hZo=s64-rw,OkCupid Dating: Date Singles,okcupid.com,3.1
https://play.google.com/store/apps/details?id=com.pof.android,https://play-lh.googleusercontent.com/9gaJyaVWnJnfFHb4IW7CpsPfINK_RELRXZYz-lXQsEqsWLnZKAk5Br4sENemJtvAQcDm=w416-h235-rw,https://play-lh.googleusercontent.com/aTMFxLXK9hMjPx9m3ASk3PuZArzBF6nPZnX_RZQNugYAs6q-DlLFvbrMByHA_E0bhEDs=s64-rw,Plenty of Fish Dating App,Plentyoffish Media ULC,3.2
https://play.google.com/store/apps/details?id=com.grindrapp.android,https://play-lh.googleusercontent.com/RSKM0KlefmnVNQnUbaa7OKvKuk6awzZF_fZNtYv-c6pBI9dvB0ozrf56KjfdcdiMCh7H=w416-h235-rw,https://play-lh.googleusercontent.com/D2eK7iIql3Xb7Nx2k2Pasoi7kG-vS2vTJ2uQpJ4DIk3MZEzEhfFr0n2qOC0-QeITTzE=s64-rw,Grindr - Gay Dating & Chat,Grindr LLC,2.7
https://play.google.com/store/apps/details?id=enterprises.dating.boo,https://play-lh.googleusercontent.com/a4MnPGXRaw3zNQsBSnXn-Sok7hxMMC17pvSrilndOBI1_Dtd42YPk_JAI9HXNvmxTZ4=w416-h235-rw,https://play-lh.googleusercontent.com/7odIr8zuMI5ddrSG6KtefaVNEvKBoiGzo6Q96lowbP5tLFhqiqUl3Mc16PMk2E1m9g=s64-rw,Boo: Dating. Friends. Chat.,"Boo Enterprises, Inc.",3.8
https://play.google.com/store/apps/details?id=com.ftw_and_co.happn,https://play-lh.googleusercontent.com/h7kND9-bSmzpdtgvdMxqfEVYbAbAW2R1gyktGeGzH9uBIeHOSCmchrHquTS7fVH_GZk=w416-h235-rw,https://play-lh.googleusercontent.com/DDE8YDPYKatiNO8GLTDwNP7FvmmApAx5N4ow4gglmsZQtl9CXFrB793pvSkwHiiMKw=s64-rw,"happn: Dating, Chat & Meet",happn,3.4
https://play.google.com/store/apps/details?id=com.jaumo,https://play-lh.googleusercontent.com/OncvvtgvMA8aYRv7PXXORrRGzpb7ggHOpU7qMRK2N5d0bcUEtu6eZ5m4oV3gkp8v5Uo=w416-h235-rw,https://play-lh.googleusercontent.com/9cXYATkeEc_YLoZCO_-VoowmmtzIiHX8_S0lZ4bg3FbcGVbWrRAgWaekuIDdkGLhBFI=s64-rw,Jaumo Dating App: Flirt & Date,Joyride GmbH,4.3
https://play.google.com/store/apps/details?id=com.flashgap.fruitz,https://play-lh.googleusercontent.com/uxEALxk2t3mb7lukSaK0V3hu3_iaOdDoG_2TsOPQVGTWB6_bopRxN4wQeYigxEkPUL0=w416-h235-rw,https://play-lh.googleusercontent.com/MTQ0OOZa0PH0O18nlccmr5jSaujyDGtTJ7mQJRi47-khT6ktwFV7OSR-r8ocgSHrR7L4=s64-rw,Fruitz - Dating app,Flashgap,4.1
https://play.google.com/store/apps/details?id=com.takimi.android,https://play-lh.googleusercontent.com/iLNMlSyL2nC1Ji_da2aUTixPK0l34yzBIiQRznKGBXHZ1NKk0oMJOY-FDLxIY40h008=w416-h235-rw,https://play-lh.googleusercontent.com/xgGXqA-veNrVauoZj1wo9XqsO6cahkf4uurSTTPoDwUGXQQMYHrtWRdA14vg9ClEVA=s64-rw,Taimi - LGBTQ+ Dating & Chat,Social Impact Inc.,3.8
https://play.google.com/store/apps/details?id=co.yellw.yellowapp,https://play-lh.googleusercontent.com/DZgMp3WaXHeyhWZh0MmMQDSxaOUYM3NJ14wQ4L0KM4VdCBRKjCu6PW8Dqp50GNkbbA=w416-h235-rw,https://play-lh.googleusercontent.com/2qbho4zgupoplTS8PXJRtmRiiyyc4-bCtv9u4HnnpWhdQxEZvwT5y2tKeYSB8H584g=s64-rw,Yubo: Make new friends,Twelve APP,4
https://play.google.com/store/apps/details?id=co.feeld,https://play-lh.googleusercontent.com/TTDu8OLobpUL6_nwKQ6nCEVVkAK9_REU7cN1TQ-fO_--WPMDB2dCiPGCFPz1PgQhA0pz=w416-h235-rw,https://play-lh.googleusercontent.com/hAy8padxTbfN1ZZvfmL9tWxVpPEaur9S0xnu5HnFVajUwQIQf-CFalwraBgGGvCu77s=s64-rw,Feeld: Date & Meet New People,Feeld Ltd.,3.3
https://play.google.com/store/apps/details?id=com.muzmatch.muzmatchapp,https://i.ytimg.com/vi/9Cj6Z9ZHLak/hqdefault.jpg,https://play-lh.googleusercontent.com/hR2_S3l6P-VTzky-jpvEqDHUEciRJ_wuOOutUJDTOnBGvMyI0t2I4WXpZ2-NfEu_Wp4=s64-rw,Muzz: Muslim Marriage & Social,Muzz,4.2
https://play.google.com/store/apps/details?id=com.p1.mobile.putong,https://play-lh.googleusercontent.com/ojt-dOG4cbtypAYZjgmgntfI2k9Ioas8myGWU-CbKR5epzJ8cD44RA1vuDWRRnqGL0c=w416-h235-rw,https://play-lh.googleusercontent.com/ySMcmCkXu2z1ASoWFeDYiOUj_1hhv4WrwYJos2Mw7CO6eCde6qxVEmbSOf0-fKBrD3-1=s64-rw,TanTan - Asian Dating App,Tantan Hong Kong Limited,3.3
https://play.google.com/store/apps/details?id=com.appspot.scruffapp,https://play-lh.googleusercontent.com/eLWQiPHQ7yjA8bzdXaDPoT0ZZmAJDKlR-vPDMBG9WmcxnmYVPlhtWa0GY5KPVasKjw=w416-h235-rw,https://play-lh.googleusercontent.com/n3xezbEJWP6g-aFmqJ2tRMgR-EH4zln_ed0pCcGCM5npOvat470KlRDF7bO41gAoQ5k=s64-rw,SCRUFF,Perry Street Software,3.9
https://play.google.com/store/apps/details?id=com.waplog.social,https://play-lh.googleusercontent.com/6qHovQrttK9lQOD4NLOnn0oiIVXtmo9qZvfNTOByhe-jBNX89RGhq0HQTgA9Pv0RUQ=w416-h235-rw,https://play-lh.googleusercontent.com/kxebsVK5EmLk8rU9kLkHRj8MXE3Du17RhIa7_MDcBdymZLv4lKmYzq-Rol4IK-wAQw=s64-rw,"Waplog: Dating, Match & Chat",Waplog Dating Apps,4.3
https://play.google.com/store/apps/details?id=com.weareher.her,https://play-lh.googleusercontent.com/8LFxliL9sMQElYaO9ALJN1dh_eFlsXTMTpesRJgIcO_kgSDSduDbKTOiBazqKBjn-b-L=w416-h235-rw,https://play-lh.googleusercontent.com/RiU-lgc-ju_D0DodDz9jkGn320RUJ8qpihy7Ah606QirvS7div-jNyLpri9Loqxl0s8=s64-rw,"HER Lesbian, bi & queer dating",HER App,3.8
https://play.google.com/store/apps/details?id=com.eharmony,https://play-lh.googleusercontent.com/qbbl9tgqC-Xagcx_OFr46X-6QBWDYDEynWci83tmOIpVG5HdMODxvyA2iMOHlY-fjQ=w416-h235-rw,https://play-lh.googleusercontent.com/Wbfla28ISdfTcKe4rbAkCtUdrODQpfnzlV-fKzTTrk7ftfyBFCeFY0wu9ReiwuS_xZA=s64-rw,eharmony dating & real love,eharmony Inc.,3
https://play.google.com/store/apps/details?id=com.zoosk.zoosk,https://play-lh.googleusercontent.com/0tkZX-HI-xc7h__SWNysgTGEUYK_4jFeSEJFLdATpW1OXmR58491l978GZdcdD6hA2U=w416-h235-rw,https://play-lh.googleusercontent.com/TpVzmU03srx9M2QvK79d3tc2p274fb99ATMLznn_Vea5cR9T31MYnXjB0KQE-CzKT8bE=s64-rw,Zoosk - Social Dating App,Zoosk Inc.,3.1
https://play.google.com/store/apps/details?id=io.cmbus.app,https://play-lh.googleusercontent.com/GK1BMwH0UYKAmaTRHi4sB4ScLlV915yvEwcM81mF9jb8BMdDjj9LlPY-SOuM_u6H6zk=w416-h235-rw,https://play-lh.googleusercontent.com/SazszDfE2uoUQdAE0JlVdXzOn9E3ulrXrB8MvoaiFBlTCm1Kd8qt5pL1yNQ1awHUTg=s64-rw,Coffee Meets Bagel: Dating App,Coffee Meets Bagel Inc.,3.2
https://play.google.com/store/apps/details?id=co.dilmil.android,https://play-lh.googleusercontent.com/u6A7w9aMwyPOXF_rILlsLOdZRsgLdTi6UgB_QDub8kEhs4ZeDo2EZ88Gij0SL-Gl9A=w416-h235-rw,https://play-lh.googleusercontent.com/mZQRbkokBREEVEBkIjD5lHQcTSURCUfedntwO6fQdH-BNEJ2LBsZprws8WUczB4ITA=s64-rw,Dil Mil: South Asian Dating,Dil Mil Inc.,3.6
https://play.google.com/store/apps/details?id=com.covalent.kippo,https://play-lh.googleusercontent.com/Kghu-kEo1p6yA6XWViiwPe4w6n4XIf7DSwltVgGRbvFdrY4PBKwQA62KjSstUXz-ag=w416-h235-rw,https://play-lh.googleusercontent.com/WGyp9XBZfdyRCHqa1lFA_6OWjS68-M3nFp1Kk0wi216psLmab1oET9cpNTJRoZXWuTaB=s64-rw,Kippo - Dating App for Gamers,Covalent Inc.,1.8
https://play.google.com/store/apps/details?id=com.theedo.noobly,https://play-lh.googleusercontent.com/HrRHfbQNP4kITjUViJs8rrmzT8gGLmgKtcjzzDSCZIq7s4S_a19A9Q0FOkZPgWQPfA=w416-h235-rw,https://play-lh.googleusercontent.com/0na0NPwb4Zm-KAld35o_ExZwErSYosmVPL_kThRZu7DLogH5dd9rSkTYxzHZ9ip6Tw=s64-rw,Noobly: find gamer friends!,Edo developers,4
https://play.google.com/store/apps/details?id=com.bumble.app,https://play-lh.googleusercontent.com/Tz9sXjlv-XrWtJ1MSGFybQElC8JJngh3ebF99diqNE-ElMI4jJbnbBfVCvipWotQtbTl=w416-h235-rw,https://play-lh.googleusercontent.com/lRFIGamND9yXheXbLBVACCTArKeKBM-AEmVrztXF8BOqGWwGwRrLEFet8imQAKUWvQ=s64-rw,Bumble - Dating. Friends. Bizz,Bumble Holding Limited,3.7
https://play.google.com/store/apps/details?id=co.hinge.app,https://play-lh.googleusercontent.com/z8s6U3MGIwotocaU-0X5Gq_NTjh_5FR8KAgTwpi5m6ESme0YPTvitpHvQuMXW5DvmA=w416-h235-rw,https://play-lh.googleusercontent.com/5P5svqXNCWqE0NtHSV91pl2YUGKJ2aitjaUWIVZd-65AtskDVO2o9bpYx1oAV9fr0-nt=s64-rw,Hinge Dating App: Match & Date,"Hinge, Inc.",3.3
https://play.google.com/store/apps/details?id=enterprises.dating.boo,https://play-lh.googleusercontent.com/a4MnPGXRaw3zNQsBSnXn-Sok7hxMMC17pvSrilndOBI1_Dtd42YPk_JAI9HXNvmxTZ4=w416-h235-rw,https://play-lh.googleusercontent.com/7odIr8zuMI5ddrSG6KtefaVNEvKBoiGzo6Q96lowbP5tLFhqiqUl3Mc16PMk2E1m9g=s64-rw,Boo: Dating. Friends. Chat.,"Boo Enterprises, Inc.",3.8
https://play.google.com/store/apps/details?id=com.tinder,https://play-lh.googleusercontent.com/Hc7K7VykwNS4YRyQLOVGKytQleFbtxYo1X3lIrFzi_-GRJG8ZkM67B3UzNxxMWqDbyo=w416-h235-rw,https://play-lh.googleusercontent.com/_gulxpc6Q2Cx_J__aIbbnbsN3LCVKvcEiPXghoqs5oCxBi5YtKQKn5y0mL8YCxSn3JU=s64-rw,Tinder Dating App: Chat & Date,Tinder LLC,3.4
https://play.google.com/store/apps/details?id=com.pof.android,https://play-lh.googleusercontent.com/9gaJyaVWnJnfFHb4IW7CpsPfINK_RELRXZYz-lXQsEqsWLnZKAk5Br4sENemJtvAQcDm=w416-h235-rw,https://play-lh.googleusercontent.com/aTMFxLXK9hMjPx9m3ASk3PuZArzBF6nPZnX_RZQNugYAs6q-DlLFvbrMByHA_E0bhEDs=s64-rw,Plenty of Fish Dating App,Plentyoffish Media ULC,3.2
https://play.google.com/store/apps/details?id=com.okcupid.okcupid,https://play-lh.googleusercontent.com/N_6ycSU5w60O802FOGKikUZxK7yi8kfcYEu2niZmvcQW_WlYlb2m-6tEWWVcg35Eaw=w416-h235-rw,https://play-lh.googleusercontent.com/paVjCzUNZBzQ8RI4TttQGM7PpW2IZuFgT_ryeAYs-mBBDWk2q7cX8bv6-_t2hnI5hZo=s64-rw,OkCupid Dating: Date Singles,okcupid.com,3.1
https://play.google.com/store/apps/details?id=co.feeld,https://play-lh.googleusercontent.com/TTDu8OLobpUL6_nwKQ6nCEVVkAK9_REU7cN1TQ-fO_--WPMDB2dCiPGCFPz1PgQhA0pz=w416-h235-rw,https://play-lh.googleusercontent.com/hAy8padxTbfN1ZZvfmL9tWxVpPEaur9S0xnu5HnFVajUwQIQf-CFalwraBgGGvCu77s=s64-rw,Feeld: Date & Meet New People,Feeld Ltd.,3.3
https://play.google.com/store/apps/details?id=com.dately,https://play-lh.googleusercontent.com/MEtBPwLeZW_Ed1KhMtjTu5zUxUZgzkZrihGoQzJx51SUJTfag-XeYGbZIlWLFgVsqjDr=w416-h235-rw,https://play-lh.googleusercontent.com/OvMFDnre4bRTdahXZM2ZTwg-SNEggIbpDk6GQVbULRidwQ_as2kD6PVwDCJO_Q70c8A6=s64-rw,Turn Up - Match through music!,Dately,3.7
https://play.google.com/store/apps/details?id=co.yellw.yellowapp,https://play-lh.googleusercontent.com/DZgMp3WaXHeyhWZh0MmMQDSxaOUYM3NJ14wQ4L0KM4VdCBRKjCu6PW8Dqp50GNkbbA=w416-h235-rw,https://play-lh.googleusercontent.com/2qbho4zgupoplTS8PXJRtmRiiyyc4-bCtv9u4HnnpWhdQxEZvwT5y2tKeYSB8H584g=s64-rw,Yubo: Make new friends,Twelve APP,4
https://play.google.com/store/apps/details?id=com.eharmony,https://play-lh.googleusercontent.com/qbbl9tgqC-Xagcx_OFr46X-6QBWDYDEynWci83tmOIpVG5HdMODxvyA2iMOHlY-fjQ=w416-h235-rw,https://play-lh.googleusercontent.com/Wbfla28ISdfTcKe4rbAkCtUdrODQpfnzlV-fKzTTrk7ftfyBFCeFY0wu9ReiwuS_xZA=s64-rw,eharmony dating & real love,eharmony Inc.,3
https://play.google.com/store/apps/details?id=com.theedo.noobly,https://play-lh.googleusercontent.com/HrRHfbQNP4kITjUViJs8rrmzT8gGLmgKtcjzzDSCZIq7s4S_a19A9Q0FOkZPgWQPfA=w416-h235-rw,https://play-lh.googleusercontent.com/0na0NPwb4Zm-KAld35o_ExZwErSYosmVPL_kThRZu7DLogH5dd9rSkTYxzHZ9ip6Tw=s64-rw,Noobly: find gamer friends!,Edo developers,4
https://play.google.com/store/apps/details?id=com.gametreeapp,https://i.ytimg.com/vi/0JQ1htQFPYQ/hqdefault.jpg,https://play-lh.googleusercontent.com/BVSXakdn80bt9nIbbeH5YuOrewhZBsL255UfvzPjs9pQU560-MCxkEETro0CIu1R7S8=s64-rw,GameTree: LFG & Gamer Friends,GameTree PBC,3.6
https://play.google.com/store/apps/details?id=com.covalent.kippo,https://play-lh.googleusercontent.com/Kghu-kEo1p6yA6XWViiwPe4w6n4XIf7DSwltVgGRbvFdrY4PBKwQA62KjSstUXz-ag=w416-h235-rw,https://play-lh.googleusercontent.com/WGyp9XBZfdyRCHqa1lFA_6OWjS68-M3nFp1Kk0wi216psLmab1oET9cpNTJRoZXWuTaB=s64-rw,Kippo - Dating App for Gamers,Covalent Inc.,1.8
https://play.google.com/store/apps/details?id=co.yellw.yellowapp,https://play-lh.googleusercontent.com/DZgMp3WaXHeyhWZh0MmMQDSxaOUYM3NJ14wQ4L0KM4VdCBRKjCu6PW8Dqp50GNkbbA=w416-h235-rw,https://play-lh.googleusercontent.com/2qbho4zgupoplTS8PXJRtmRiiyyc4-bCtv9u4HnnpWhdQxEZvwT5y2tKeYSB8H584g=s64-rw,Yubo: Make new friends,Twelve APP,4
https://play.google.com/store/apps/details?id=com.hubolabs.hubo,https://play-lh.googleusercontent.com/87DvHb3k2MW0FaRoNCvZnV0w3IiU-9871carJIaAEFuJYjqsJ-lO5gVcQytm67d7UA=w416-h235-rw,https://play-lh.googleusercontent.com/ZSDiLoqQ5S9mqgXIWRv_XJAN33ZwMFLXiK7BWPY9aK5RbzVM82YCLIMa8196a4WI1Rk=s64-rw,purp - Make new friends,hubo Labs,3.8
https://play.google.com/store/apps/details?id=com.epal.android,https://play-lh.googleusercontent.com/vi5dBczvwkbyMuM2yTRz8C4-QjxWPvLBIctud-wDPa1zCsWHPV4-7HR7Sz2KhULCjj8=w416-h235-rw,https://play-lh.googleusercontent.com/UYxQTBlKWcro8Twz_1hruvssR4N1yVOijjCDA-gj-o9XkBetm-9Uq0QzWlb8WrwIEQ=s64-rw,E-Pal: Your Kind Teammates,"Epal, Inc.",4.2
https://play.google.com/store/apps/details?id=gg.gamerlink.gamerlink,https://play-lh.googleusercontent.com/rlZAr4AHGchEPTzGrmVXc3swXtLCku3oe5cJDsdko9NqU4wOdxQEr0gkkygus_5Q2pA=w416-h235-rw,https://play-lh.googleusercontent.com/Phcon45FEQdthyQRUgp-v50P673CYzl870iGEuqoy5IVLB4_gqHJ48X6ZAe2nD9esRKr=s64-rw,GamerLink LFG: Teams & Friends,GamerLink Inc.,4.3
https://play.google.com/store/apps/details?id=com.lightspace.lmk,https://play-lh.googleusercontent.com/qUHv65-CDLMD7gwevRRo-W7UIvMxk-mOn7U9hchGdBF-8o2OPIeOqSPMI1LnXoTqb9c=w416-h235-rw,https://play-lh.googleusercontent.com/V3tQSnvUIUtlPJHuadNYfV_IbFHS8KcNMeWqBg2LqyA--QtmITKzFJ5hP2LASdx61A=s64-rw,LMK: Make New Friends,LightSpace inc,3.7
https://play.google.com/store/apps/details?id=com.discord,https://i.ytimg.com/vi/7V5jdOjWVU4/hqdefault.jpg,https://play-lh.googleusercontent.com/0oO5sAneb9lJP6l8c6DH4aj6f85qNpplQVHmPmbbBxAukDnlO7DarDW0b-kEIHa8SQ=s64-rw,"Discord - Talk, Play, Hang Out",Discord Inc.,3.8
https://play.google.com/store/apps/details?id=com.funbit.android,https://play-lh.googleusercontent.com/F2lMUmANg8-d-ko_zjPS42YHNvfVxLX9ECSWm6Fee6Z7BNnjN6oxFBLynHUy_ryYy7wt=w416-h235-rw,https://play-lh.googleusercontent.com/BDYyLMYkt2qAdgs--fPvVozMd5x8M2XPRishpcmJeYQMMYzDh0rU9ifnMh8MQedW9qQ=s64-rw,Lita - Meet Gamer Friends,BATTUTA TECHNOLOGY PTE. LTD,1
https://play.google.com/store/apps/details?id=enterprises.dating.boo,https://play-lh.googleusercontent.com/a4MnPGXRaw3zNQsBSnXn-Sok7hxMMC17pvSrilndOBI1_Dtd42YPk_JAI9HXNvmxTZ4=w416-h235-rw,https://play-lh.googleusercontent.com/7odIr8zuMI5ddrSG6KtefaVNEvKBoiGzo6Q96lowbP5tLFhqiqUl3Mc16PMk2E1m9g=s64-rw,Boo: Dating. Friends. Chat.,"Boo Enterprises, Inc.",3.8
https://play.google.com/store/apps/details?id=com.bumble.app,https://play-lh.googleusercontent.com/Tz9sXjlv-XrWtJ1MSGFybQElC8JJngh3ebF99diqNE-ElMI4jJbnbBfVCvipWotQtbTl=w416-h235-rw,https://play-lh.googleusercontent.com/lRFIGamND9yXheXbLBVACCTArKeKBM-AEmVrztXF8BOqGWwGwRrLEFet8imQAKUWvQ=s64-rw,Bumble - Dating. Friends. Bizz,Bumble Holding Limited,3.7
https://play.google.com/store/apps/details?id=com.zynga.words3,https://play-lh.googleusercontent.com/m3QO6tnw6bqcA3tbr8WL9-RbHD-5bSJlr9Cue-I5ERyWGwunw_CIRBb1lCepXPuz--Kw=w416-h235-rw,https://play-lh.googleusercontent.com/_dxjvWFkxYpEODJXdyK01GdhPr8csMt-aMI0y1e1fuz5ehxvgnEPx8cskLU-1jXpnWE=s64-rw,Words With Friends 2 Word Game,Zynga,3.9
https://play.google.com/store/apps/details?id=com.bumblebff.app,https://play-lh.googleusercontent.com/kYpgZ7hUdc2lQ1REUfuq4Xud5Q3DO981xk2CAPQu6_jok67nk0cP-4f-ocleb000eA=w416-h235-rw,https://play-lh.googleusercontent.com/H_cQSHvCfiI5ls2LGnEVTeFcKNQ-CKRChVdKnw8JxzN2dqX7B4EDcnHeykN38JrIAAQ=s64-rw,Bumble For Friends: Meet IRL,Bumble Holding Limited,3.4
https://play.google.com/store/apps/details?id=tech.plink.PlinkApp,https://play-lh.googleusercontent.com/w1r2OoNh4sAj84pvep7O2r0W7KGnJAYg0RdffnwB3MjU4QgARM6nZe_QCe08lBmn5g=w416-h235-rw,https://play-lh.googleusercontent.com/yjWeWNylWFFRpoLgQUVyPxDfqq3O9dYRdTPZuGJDCjwwvEkrzxOBN5oUuC_igxwX6w=s64-rw,"Plink: Team up, Chat & Play",DogApps,1.4
https://play.google.com/store/apps/details?id=com.fiddlerswork.drawwithfriends,https://play-lh.googleusercontent.com/CKyXyanFPum0pQz14grtO1o_hhqPVZHzFxo_42mT5IHzbNWAuoIsw9HbahuAJMAuYIU=w416-h235-rw,https://play-lh.googleusercontent.com/tWelJgsuP46lV1FMvzsoNgimkbLD5eg99wrws9G1p0hxEcKQdMjkZxSYgESnMYK2Dg=s64-rw,Draw With Friends Multiplayer,FiddlersWork Games,4.2
https://play.google.com/store/apps/details?id=com.mycompany.friendfinder,https://play-lh.googleusercontent.com/nqsDBFfpZRHjK6A4byu7C9XnOiXpqEtt0FZwm1WUR33yM8jeagUF4Kp_Xnd0lRqf765N=w416-h235-rw,https://play-lh.googleusercontent.com/WpmlX2IcDki3fMg6htW345At__Mbpf8Wuq_O7wi7A65v259XtN_5iRpJn-2xPoRt_QQ=s64-rw,Friendly - Make New Friends,UnrealApps,1
https://play.google.com/store/apps/details?id=com.life360.android.safetymapd,https://i.ytimg.com/vi/jmEv2wJurH8/hqdefault.jpg,https://play-lh.googleusercontent.com/AxZFJIQK5sr8KXkko0jBH5SolEbpM_8W8q7h3EZNeTNWTeZi-G3kp2OTbrqo--X24H4=s64-rw,Life360: Live Location Sharing,Life360,4.5
https://play.google.com/store/apps/details?id=com.dazz.hoop,https://play-lh.googleusercontent.com/e0N1x_z4mdnmSnQFcl6vdT4E3h7papv-3yTRjv1E-6WxfQo9QpTIQ7k3DPZQBmQqOSM=w416-h235-rw,https://play-lh.googleusercontent.com/IEbtDFfx84oGJxAjMuGDOEA3gRpDqhePZ2pAkpdz2GAPBLp8Pyg5SP5AAVstmPSeSQ=s64-rw,Hoop - Make new friends,Hoop app,3.8
https://play.google.com/store/apps/details?id=urmytype.app,https://play-lh.googleusercontent.com/HlB5yQSs9X4jCUTOKhMkyvireo0ZnVrCqhZzoDik9yWbQczX9FEYK1JqM-lxfYRQLy1x=w416-h235-rw,https://play-lh.googleusercontent.com/S1baGh6wApop8v35KRVmx_WAJmxluQnx_tiAo7Y8svhnGFa6UZzrq9PaS0gbObPzpw=s64-rw,Ur My Type - Dating. Friends.,UR MY TYPE LTD,4.7
https://play.google.com/store/apps/details?id=com.gamerprofiles,https://play-lh.googleusercontent.com/KQMyQm2lWAh1LN2-xOc5ZwYZEvXWb1bd1Q5Tea8m4sRpKZ2ZXVq6fcSixcjvIUwst-k=w416-h235-rw,https://play-lh.googleusercontent.com/kmyJduorF1zQVu32GATlaJT8rMg7clpFNcjU_Pqi_fIU1R_U61b2QqFpVfxXGneGhRQ=s64-rw,GamerProfiles: Share & Connect,GamerProfiles,1
https://play.google.com/store/apps/details?id=ai.rune.tincan,https://play-lh.googleusercontent.com/SSU4_noH5P_CvJmZOatjrAaaKIKGr8y3IbwRVp1CmSs5PUP8F8YKvY5Qc4oEZK3LjEk=w416-h235-rw,https://play-lh.googleusercontent.com/klg-r_pMsw_4og8eEeUu0NEwPO_1lDqttYAM6rxqZ13fqi8Uon9yk-Ah1Y60mFeluQ4=s64-rw,"Rune - Play, Talk, Hang Out",Rune AI Inc.,4.4
https://play.google.com/store/apps/details?id=com.gameram.gameram,https://play-lh.googleusercontent.com/QtNnZzsynCGwVwrt50CRK00mQWpPoq7z-Aw4ob-uCz-Cq3lW9cmLkYoUmQqK3fvaVInK=w416-h235-rw,https://play-lh.googleusercontent.com/EH9xDz8oZDF3oBkYeVf_6VofS4g2Y8DIlqzR1DadwQ4JZWRCJYTQK3b2A2pW0zmI-ME=s64-rw,Gameram: Gaming social network,GAMERAM LTD,3.9
https://play.google.com/store/apps/details?id=com.zynga.words,https://play-lh.googleusercontent.com/R6BeXSVQ0BwtC_pToBUBER2dcV3ecNxQtvvkeGkZkuvOOi7G7xHtB-yl6ZD8_3QK61o=w416-h235-rw,https://play-lh.googleusercontent.com/DQL0RwV5C-knAA8JjqMkIwuyZ0GxFxRFgm9dAiBYV4jAomEF2VwSHF5-zS470QTdXWlk=s64-rw,Classic Words With Friends,Zynga,3.4
https://play.google.com/store/apps/details?id=com.tinder,https://play-lh.googleusercontent.com/Hc7K7VykwNS4YRyQLOVGKytQleFbtxYo1X3lIrFzi_-GRJG8ZkM67B3UzNxxMWqDbyo=w416-h235-rw,https://play-lh.googleusercontent.com/_gulxpc6Q2Cx_J__aIbbnbsN3LCVKvcEiPXghoqs5oCxBi5YtKQKn5y0mL8YCxSn3JU=s64-rw,Tinder Dating App: Chat & Date,Tinder LLC,3.4
https://play.google.com/store/apps/details?id=app.waveful,https://play-lh.googleusercontent.com/IRgoptbgl9D_QNu7j1QCAD1OpKeoXR8nHhcDbTBJ72yf635UO1AMuJA4Isl-qI5b9GQ=w416-h235-rw,https://play-lh.googleusercontent.com/XecR3AEY88WT26GcmVjUu9gCqf0Cjj6HWNIAM9hhRIoLNfAAmuOHo8Fip7yZnPYGGv4=s64-rw,Waveful - New Friends and Fun,Waveful,4
https://play.google.com/store/apps/details?id=com.bfftest.quizforfriends,https://play-lh.googleusercontent.com/yDiuh9tFuD_3s7zYx1Cg9N38FJsWqm03nmwSgaOuUtLs_klfu7ccb5XuY0S-LWtE3Fo=w416-h235-rw,https://play-lh.googleusercontent.com/HzKa_eJ6dbdaL59peU92HK_lGI2kya8HsEtBIpRYWIYHQmhyQlSNZN4MiODcxsjezx-5=s64-rw,BFF Test - Quiz For Friends,Vapronix Apps,1
https://play.google.com/store/apps/details?id=online.gamers.app,https://i.ytimg.com/vi/y-bYGRMAhKk/hqdefault.jpg,https://play-lh.googleusercontent.com/iQrzWRHUBvXzrCizTc-Q-LJjKhoAaBe13Ir3BJocFZ5xK_VAlIYK9PynwZEawRGoiRoV=s64-rw,Gamers.Online: LFG & Friends,Gamers.Online,1
https://play.google.com/store/apps/details?id=com.plato.android,https://i.ytimg.com/vi/aEOekbS-pYU/hqdefault.jpg,https://play-lh.googleusercontent.com/QvQpX5cFJ0X4-cuDXHorrcHt9aFFZjONU6x4P3RjfJ-N8X67LMkvXxNcCrupqM-21HA=s64-rw,Plato: Fun Multiplayer Games,Plato Team Inc.,4.5
https://play.google.com/store/apps/details?id=com.guppir.swipr,https://play-lh.googleusercontent.com/N-ApO4TTrQH3XJFemK5Jq_FmmwveyM3x8-sALiJAdq_PmFr572ztmzaND2CTjA2LOrI=w416-h235-rw,https://play-lh.googleusercontent.com/KsCewcbhguiV2WXb5o-NM28xhZlhukM1JWU__L7POklqA3CP2DFXVfco8b4acM3wWHg=s64-rw,BeFriend: make friends nearby,ORBITECH PTE. LTD.,4.2
https://play.google.com/store/apps/details?id=com.discord,https://i.ytimg.com/vi/7V5jdOjWVU4/hqdefault.jpg,https://play-lh.googleusercontent.com/0oO5sAneb9lJP6l8c6DH4aj6f85qNpplQVHmPmbbBxAukDnlO7DarDW0b-kEIHa8SQ=s64-rw,"Discord - Talk, Play, Hang Out",Discord Inc.,3.8
https://play.google.com/store/apps/details?id=tech.plink.PlinkApp,https://play-lh.googleusercontent.com/w1r2OoNh4sAj84pvep7O2r0W7KGnJAYg0RdffnwB3MjU4QgARM6nZe_QCe08lBmn5g=w416-h235-rw,https://play-lh.googleusercontent.com/yjWeWNylWFFRpoLgQUVyPxDfqq3O9dYRdTPZuGJDCjwwvEkrzxOBN5oUuC_igxwX6w=s64-rw,"Plink: Team up, Chat & Play",DogApps,1.4
https://play.google.com/store/apps/details?id=com.theedo.noobly,https://play-lh.googleusercontent.com/HrRHfbQNP4kITjUViJs8rrmzT8gGLmgKtcjzzDSCZIq7s4S_a19A9Q0FOkZPgWQPfA=w416-h235-rw,https://play-lh.googleusercontent.com/0na0NPwb4Zm-KAld35o_ExZwErSYosmVPL_kThRZu7DLogH5dd9rSkTYxzHZ9ip6Tw=s64-rw,Noobly: find gamer friends!,Edo developers,4
https://play.google.com/store/apps/details?id=com.gameram.gameram,https://play-lh.googleusercontent.com/QtNnZzsynCGwVwrt50CRK00mQWpPoq7z-Aw4ob-uCz-Cq3lW9cmLkYoUmQqK3fvaVInK=w416-h235-rw,https://play-lh.googleusercontent.com/EH9xDz8oZDF3oBkYeVf_6VofS4g2Y8DIlqzR1DadwQ4JZWRCJYTQK3b2A2pW0zmI-ME=s64-rw,Gameram: Gaming social network,GAMERAM LTD,3.9
https://play.google.com/store/apps/details?id=com.plato.android,https://i.ytimg.com/vi/aEOekbS-pYU/hqdefault.jpg,https://play-lh.googleusercontent.com/QvQpX5cFJ0X4-cuDXHorrcHt9aFFZjONU6x4P3RjfJ-N8X67LMkvXxNcCrupqM-21HA=s64-rw,Plato: Fun Multiplayer Games,Plato Team Inc.,4.5
https://play.google.com/store/apps/details?id=gg.gamerlink.gamerlink,https://play-lh.googleusercontent.com/rlZAr4AHGchEPTzGrmVXc3swXtLCku3oe5cJDsdko9NqU4wOdxQEr0gkkygus_5Q2pA=w416-h235-rw,https://play-lh.googleusercontent.com/Phcon45FEQdthyQRUgp-v50P673CYzl870iGEuqoy5IVLB4_gqHJ48X6ZAe2nD9esRKr=s64-rw,GamerLink LFG: Teams & Friends,GamerLink Inc.,4.3
https://play.google.com/store/apps/details?id=walkie.talkie.among.us.friends,https://play-lh.googleusercontent.com/eUAipH9zZ-giTWoIRqEoXDmHYbr2EWHq5BMNI58SFEDAtgTn6XxJmbhNLQFTQzROzw=w416-h235-rw,https://play-lh.googleusercontent.com/vNVPEipKtKPOpnJeH6n-qKsuCPmFTFTIpb8OI9nYPUzy7nw5suINxkDIvXasv3f8_QI=s64-rw,CastChat - Match & Voice Chat,Guru AI Lab,4.8
https://play.google.com/store/apps/details?id=com.covalent.kippo,https://play-lh.googleusercontent.com/Kghu-kEo1p6yA6XWViiwPe4w6n4XIf7DSwltVgGRbvFdrY4PBKwQA62KjSstUXz-ag=w416-h235-rw,https://play-lh.googleusercontent.com/WGyp9XBZfdyRCHqa1lFA_6OWjS68-M3nFp1Kk0wi216psLmab1oET9cpNTJRoZXWuTaB=s64-rw,Kippo - Dating App for Gamers,Covalent Inc.,1.8
https://play.google.com/store/apps/details?id=com.gametreeapp,https://i.ytimg.com/vi/0JQ1htQFPYQ/hqdefault.jpg,https://play-lh.googleusercontent.com/BVSXakdn80bt9nIbbeH5YuOrewhZBsL255UfvzPjs9pQU560-MCxkEETro0CIu1R7S8=s64-rw,GameTree: LFG & Gamer Friends,GameTree PBC,3.6
https://play.google.com/store/apps/details?id=ai.rune.tincan,https://play-lh.googleusercontent.com/SSU4_noH5P_CvJmZOatjrAaaKIKGr8y3IbwRVp1CmSs5PUP8F8YKvY5Qc4oEZK3LjEk=w416-h235-rw,https://play-lh.googleusercontent.com/klg-r_pMsw_4og8eEeUu0NEwPO_1lDqttYAM6rxqZ13fqi8Uon9yk-Ah1Y60mFeluQ4=s64-rw,"Rune - Play, Talk, Hang Out",Rune AI Inc.,4.4
https://play.google.com/store/apps/details?id=com.wejoy.weplay.us,https://play-lh.googleusercontent.com/l5zx5sF-11om6jTTf5e1XNs16IB7rPFtKpejMerMADujUHnFUt_mHg8y4jm41uYi1o0=w416-h235-rw,https://play-lh.googleusercontent.com/Tf1eqdV3RMiWBOq4ay46MouVnsc8Imk2jwarT2knH9j9BXizGOUXzsa6C447nIHDCw=s64-rw,WePlay - Game & Party,WEJOY Pte. Ltd.,4.1
https://play.google.com/store/apps/details?id=com.aigc.ushow.ichat,https://i.ytimg.com/vi/-sESduwsN9I/hqdefault.jpg,https://play-lh.googleusercontent.com/oNDiMqJU4APyGkExdGt-z4HCh-Z1gvPB-yWjmKU_Jh2SLjGKwmJ1GtmaDbZXMVNfQe0=s64-rw,"Linky AI: Chat, Play, Connect",Skywork AI Pte. Ltd.,3
https://play.google.com/store/apps/details?id=com.pz.life.android,https://i.ytimg.com/vi/oAUijgzkBvE/hqdefault.jpg,https://play-lh.googleusercontent.com/Uq4ohyXSx32-IQ_swnPKSSlbLnHXyfl4tNVo4gbRHyWZ-itKP_OOS7fhB7JznU_D95Y=s64-rw,"Highrise: Avatar, Chat & Games",Pocket Worlds,4
https://play.google.com/store/apps/details?id=com.wakie.android,https://play-lh.googleusercontent.com/yBLwAxTq-HBqm6_sVxU6wenjnCOdPeJ1P2ovD4xYuCL_5mL2rEnkDxfX0vzyEuf7ByI=w416-h235-rw,https://play-lh.googleusercontent.com/lX-HFT4NnhGGNXolo5nKc5HiEjyoQKtXlISxkBCwINx2R7gK6pb_uEkwqvZk80b2AmA=s64-rw,Wakie Voice Chat: Make Friends,Wakie,4.2
https://play.google.com/store/apps/details?id=sg.partying.lcb.android,https://play-lh.googleusercontent.com/WQk46ty7HOrSLDConr5KWoKlzvcvKMZHsY5Rgng0CcwLtMEg2J2UfMUytxnLpA6d4Iu1=w416-h235-rw,https://play-lh.googleusercontent.com/8H0VUCqPubX0RzW_R67rJ0Z-IxtccUbke-AXGQEi6h7Ex_ef9vT_Uxdnm_VUt2lcn0o=s64-rw,"Party Star: Live, Chat & Games",GUMDROP ENTERTAINMENT PTE. LTD.,4.5
https://play.google.com/store/apps/details?id=com.valvesoftware.android.steam.friendsui,https://play-lh.googleusercontent.com/dDLoGoHT0jmOgZIjYB_Beg1qA-ilD6u5qxGO1724bVuEFpKRmUsNLSWfdvECOSej1Q3L=w416-h235-rw,https://play-lh.googleusercontent.com/MfOmDw_wbHCE7D1ZKSsAbzMojq1cHsEH7CxBye2nQ0w6WeAf9NWaRIMBONgxl-eyW9PG=s64-rw,Steam Chat,Valve Corporation,1.8
https://play.google.com/store/apps/details?id=com.halo.mobile,https://play-lh.googleusercontent.com/xbHAy1eNWdkoZthj7DjLhebBz-QKRb507fxMvDCYNo6cnudvPkP3he6ILwcmlclnwRnN=w416-h235-rw,https://play-lh.googleusercontent.com/QtRU9x3c0Y_LlqjgP13j512WcyB7gF-QNFdrGkX8OUYAGTLr5FtnlAUf8dwbUrzD6p0=s64-rw,LightChat -Voice Chat & Meet &,Guangzhou Time Online Network Technology Limited,4.4
https://play.google.com/store/apps/details?id=com.textingstory.textingstory,https://play-lh.googleusercontent.com/GjbjD276ZYQgNpw-Vpp4380CVQPHueuyOc16QgLeI8ofPqJuHl5_gK6QKwj9sz1qqSo=w416-h235-rw,https://play-lh.googleusercontent.com/4dQd1hZ7FNBHCoejzepAj8dpeEAQhomAXAjgTzJg__Sd-t1MAugey5gE-25tZW85=s64-rw,TextingStory Chat Story Maker,Yvz Digital Lab,4.1
https://play.google.com/store/apps/details?id=com.crouchjump.playerfinder,https://play-lh.googleusercontent.com/L7XsrO-eXF8B_6OOl16vvrq0rwQAQ_qJzpTcSf6p9k-IMlmSG3rkG6wKd8d6qFtN04E=w416-h235-rw,https://play-lh.googleusercontent.com/B2hjIS5iZAxkQV5iR6xdY74mDNtLx043I-GrUoSxu1n6OFW4I55ur5MeZK3KCqROsDGH=s64-rw,"PlayerFinder: LFG, Chat & Play","CrouchJump, Inc.",1
https://play.google.com/store/apps/details?id=online.gamers.app,https://i.ytimg.com/vi/y-bYGRMAhKk/hqdefault.jpg,https://play-lh.googleusercontent.com/iQrzWRHUBvXzrCizTc-Q-LJjKhoAaBe13Ir3BJocFZ5xK_VAlIYK9PynwZEawRGoiRoV=s64-rw,Gamers.Online: LFG & Friends,Gamers.Online,1
https://play.google.com/store/apps/details?id=com.fun.share,https://i.ytimg.com/vi/OSACJkAd3kQ/hqdefault.jpg,https://play-lh.googleusercontent.com/P7ZbZ3A_6gR15h6-3TAHgVkUFQFBtKCwIRSvoxkjuDZlrmrQdrlptcopXE3imiBvl4I=s64-rw,"YoYo - Voice Chat Room, Games",Y Team,4.2
https://play.google.com/store/apps/details?id=com.chatgum.chat.rooms,https://play-lh.googleusercontent.com/jYJmqQDRocKYYhnPSU52pTSwKTMnDw3SBsuMsTQrZfdcL0UnxSBdXMmLWZp8bB9z0Rw=w416-h235-rw,https://play-lh.googleusercontent.com/QUDxD08bz-cmIvdjQY-fYBshLZMhxcU8Xx9qns-QRLRpU5j0RQrYte2nydx3LIZ7FVs=s64-rw,Chat Rooms - Find Friends,ChatGum,3.8
https://play.google.com/store/apps/details?id=enterprises.dating.boo,https://play-lh.googleusercontent.com/a4MnPGXRaw3zNQsBSnXn-Sok7hxMMC17pvSrilndOBI1_Dtd42YPk_JAI9HXNvmxTZ4=w416-h235-rw,https://play-lh.googleusercontent.com/7odIr8zuMI5ddrSG6KtefaVNEvKBoiGzo6Q96lowbP5tLFhqiqUl3Mc16PMk2E1m9g=s64-rw,Boo: Dating. Friends. Chat.,"Boo Enterprises, Inc.",3.8
https://play.google.com/store/apps/details?id=online.hoplay.app,https://i.ytimg.com/vi/C40lqqttEVU/hqdefault.jpg,https://play-lh.googleusercontent.com/p8LBmkDkEB2uYv3x6NqXy4PsPv_fT89w6Nwh8oiHBODUQvfMdDRo4ibzyQlOVLc7yso=s64-rw,Hoplay: Arab Gamers Community,Legends Gaming,1
https://play.google.com/store/apps/details?id=com.qhqc.starvoice,https://play-lh.googleusercontent.com/WhzKrDMZIHpEnpZGp9Z8NLlPlYpFuOeK8hFBuk9v3Sa1Ymh0xxFAUq_DL7jzDxwqUCw=w416-h235-rw,https://play-lh.googleusercontent.com/GCU1lrNoMQhFIKWf_kYWSWGoqVkvY3msh30H1ZC6W896hCbAbOhN6be7c0oB8yw2X-4=s64-rw,StarChat-Group Voice Chat Room,PartyConn Group,4.1
https://play.google.com/store/apps/details?id=kik.android,https://play-lh.googleusercontent.com/sWGAf8lEe46EmnfdQhAQd3UtRSF7yyroAK8uEwIplerOhgAArEM3N6MWiHJyMFYfqzA=w416-h235-rw,https://play-lh.googleusercontent.com/grGsNQ5d9jXoN1gRDCwL8LGCEjpI9D8_SFGuXjLBjSSzD9qEMuO1nueLjb5jkpNOkc7V=s64-rw,Kik — Messaging & Chat App,MediaLab AI - Kik,2.2
https://play.google.com/store/apps/details?id=com.dobai.kis,https://play-lh.googleusercontent.com/5h2wIV4wLakUcYIpasLYg2clBWSG0WRBbB3x4AQkyDaI_i2PXq2UPX0uCO2Rc4yl46Bd=w416-h235-rw,https://play-lh.googleusercontent.com/XoLkBtcqGNDJkMGVKXyfZI0DlEJhgGn7upP_PAkrch2V4hwFItiKPs8P8OLO4HtHqw=s64-rw,Ahlan-Group Voice Chat Room,Ahlan Live,3.8
https://play.google.com/store/apps/details?id=com.yy.hiyo,https://play-lh.googleusercontent.com/Zh5s3J2un9GdbBtTsGxZs1bRtHi8XOTZF3Vf99fJLEnn3BVL1j9yZw7ZzuARO1KLZg=w416-h235-rw,https://play-lh.googleusercontent.com/X2WMHHw_y9TO1wvJaEAFtsUvYtPdHrUdreSMqxMom1OTJN6QB0y4HSsiHjLoiiQGJms=s64-rw,"Hago- Party, Chat & Games",HAGO,4
https://play.google.com/store/apps/details?id=th.media.itsme,https://play-lh.googleusercontent.com/RVCLaiuj4F2NkIAIRlAKH-_vdYRnZmyrRc2Y9HALhyxMozmNbAkt1eWoZTnGKBjbTIw=w416-h235-rw,https://play-lh.googleusercontent.com/iODxLu9vLhM8NjHYztCqdpE6LtR-sYIgupW3oQSfOAOlam0gdp5nfu3rWoBHQ-9y_g=s64-rw,Gamingo: Play With Teammates,SKYWORK AI PTE. LTD.,3.8
https://play.google.com/store/apps/details?id=com.gamerprofiles,https://play-lh.googleusercontent.com/KQMyQm2lWAh1LN2-xOc5ZwYZEvXWb1bd1Q5Tea8m4sRpKZ2ZXVq6fcSixcjvIUwst-k=w416-h235-rw,https://play-lh.googleusercontent.com/kmyJduorF1zQVu32GATlaJT8rMg7clpFNcjU_Pqi_fIU1R_U61b2QqFpVfxXGneGhRQ=s64-rw,GamerProfiles: Share & Connect,GamerProfiles,1
