image,link,title,podcaster
https://i.scdn.co/image/ab67656300005f1fc41e4ff1aeeba556448c9f01,https://open.spotify.com/show/0lKjm6CqM8WPQbSN5Z4vfJ,Simply Bitcoin,Nico Moran and Optimist Fields
https://i.scdn.co/image/ab67656300005f1fd90f1b295eb065f1eaa5ba89,https://open.spotify.com/show/6WzoIyTowK47rcAmvrS7gt,The Canadian Bitcoiners Podcast - Bitcoin News With a Canadian Spin,Joey and Len
https://i.scdn.co/image/ab67656300005f1fe0f9ca25e7690b70a571b327,https://open.spotify.com/show/69AABOXxSynCpfFzwIYK9v,The Bitcoin Layer,The Bitcoin Layer
https://i.scdn.co/image/ab67656300005f1ffc30dba227f4c9a71ba5bd73,https://open.spotify.com/show/28RHOkXkuHuotUrkCdvlOP,We Study Billionaires - The Investor’s Podcast Network,The Investor's Podcast Network
https://i.scdn.co/image/ab67656300005f1fe203c06316f56a476ddbb2ef,https://open.spotify.com/show/0Vd8E5vWnCfB4xucu87WNZ,TFTC: A Bitcoin Podcast,Marty Bent
https://i.scdn.co/image/ab67656300005f1fdd605e6c08b817730c2b94af,https://open.spotify.com/show/3ErV4y8duq3AF2yIZgki1R,Daily Crypto News,Matt Diemer
https://i.scdn.co/image/ab67656300005f1ffab02f24c907c45366b57bee,https://open.spotify.com/show/2jXIy9OQZh2gI65OwfvaPq,Crypto News Alerts | Daily Bitcoin (BTC) & Cryptocurrency News,Justin Verrengia
https://i.scdn.co/image/ab67656300005f1f8d0fe870db0e87b78978a304,https://open.spotify.com/show/0bn8XQHWGxXULjhp1jRmOJ,The Pomp Podcast,Anthony Pompliano
https://i.scdn.co/image/ab67656300005f1fa3575fd66e1aeed0fcd41ffe,https://open.spotify.com/show/0YOEwxAR1uIx1a15QpqE0l,Coin Stories,Natalie Brunell
https://i.scdn.co/image/ab67656300005f1f84eb9ee63017c9aaffeb1d7f,https://open.spotify.com/show/691nFDIWWmhFFAz7xp3wAr,The Bitcoin Standard Podcast,Dr. Saifedean Ammous
https://i.scdn.co/image/ab67656300005f1f732d4a0359086db24fcc22e3,https://open.spotify.com/show/16c6WR2znCZM1wveeeJoSz,Bitcoin Audible,Guy Swann
https://i.scdn.co/image/ab67656300005f1f0352a717079c1ab5b9945e24,https://open.spotify.com/show/5RdShpOtxKO3ZWohR2M6Sv,Conspiracy Theories,Spotify Studios
https://i.scdn.co/image/ab67656300005f1f55ac4d924160640328d74b78,https://open.spotify.com/show/4kHwbXzP5RBOkroZ7a4RSl,Swan Signal Live - A Bitcoin Show,Swan Bitcoin
https://i.scdn.co/image/ab67656300005f1f2994d2ea350355a82af262ed,https://open.spotify.com/show/5hqqAlOXIMOLqQlfnMgCFR,Bitcoin for Millennials,Bram Kanstein
https://i.scdn.co/image/ab67656300005f1f48d7f61b5a272b343c425cfe,https://open.spotify.com/show/2Fgxc81OuOalRRRKwYw3yj,The Bitcoin Frontier,"Unchained Capital, Inc"
https://i.scdn.co/image/ab67656300005f1fa5551a3da62876fab67115f5,https://open.spotify.com/show/6rLme2IkQHFxC0C78jU3D7,Cryptocurrency for Beginners: with Crypto Casey,Crypto Casey
https://i.scdn.co/image/ab67656300005f1f6af061b6ccb5ee6feff49783,https://open.spotify.com/show/18Pixm6jNMATYXSO6cUnTH,What Bitcoin Did,Danny Knowles
https://i.scdn.co/image/ab67656300005f1f483c43910a734cc8d07efcdb,https://open.spotify.com/show/0mWUJuONiilW5JSBBFZ0s7,Mr Obnoxious,Peter McCormack
https://i.scdn.co/image/ab67656300005f1f303c44d4ca5f7c23de04e96c,https://open.spotify.com/show/2XXxtNdPsoGXIALpIOwByz,The Bitcoin Way Podcast,The Bitcoin Way
https://i.scdn.co/image/ab67656300005f1f6b7dac13fc51d31cf4af51b6,https://open.spotify.com/show/1AgitYhJScVcW4YpQ5wwya,Bitcoin Veterans,Bitcoin Veterans
https://i.scdn.co/image/ab67656300005f1fd6781981c3d134823f4ea8c5,https://open.spotify.com/show/25LPvm8EewBGyfQQ1abIsE,"The ""What is Money?"" Show",Robert Breedlove
https://i.scdn.co/image/ab67656300005f1fd0601e0698a643d54fe36a70,https://open.spotify.com/show/6FR91unYUwFVIyPdo0Cpxp,Cryptoast - Bitcoin et Cryptomonnaies,Cryptoast
https://i.scdn.co/image/ab67656300005f1ff35cff845b11ff9d7d820461,https://open.spotify.com/show/41TNnXSv5ExcQSzEGLlGhy,Bankless,Bankless LLC
https://i.scdn.co/image/ab67656300005f1f89f2a0b08619eabe2719c200,https://open.spotify.com/show/2CLetGT20MFsHqfeBN3fYl,The Mining Pod | Bitcoin Mining News,Blockspace Media
https://i.scdn.co/image/ab67656300005f1fd34698f48b012dec5819d9ef,https://open.spotify.com/show/3rFFqjJF22nNyvJXv6avOX,Bitcoin Explained - The Technical Side of Bitcoin,Van Wirdum Sjorsnado
https://i.scdn.co/image/ab67656300005f1fcc43b1a084806aa36300188a,https://open.spotify.com/show/0f4Ke6gRTiLij0455nQjPH,THE Bitcoin Podcast,Walker America
https://i.scdn.co/image/ab67656300005f1f3f9cd36e9663320d5bd46d44,https://open.spotify.com/show/1IxBiqXrUwWUgwiQwKWwxk,Bitcoin Magazine Podcast,BTC Media
https://i.scdn.co/image/ab67656300005f1f679595658caaf06d5671a7cb,https://open.spotify.com/show/65cGjse0oWooMqHlTVUida,Bitcoin.Review Podcast with NVK & Guests,Bitcoin.Review
https://i.scdn.co/image/ab67656300005f1fe237b9a7c837564fd620ed1c,https://open.spotify.com/show/0ZDm29uGo13FqOw2w9Rthm,The Mark Moss Show,iHeartPodcasts
https://i.scdn.co/image/ab67656300005f1ffee911f5fe4fc6e85f4a142f,https://open.spotify.com/show/7dT5Hy104YQxYIQCdVsiRw,Un Podcast Sobre Bitcoin,Alberto Mera
https://i.scdn.co/image/ab67656300005f1f6753bf4e64c3ce118afee583,https://open.spotify.com/show/24PQW8mOGmfCH6j1SjlPAZ,Raoul Pal: The Journey Man,Real Vision Podcast Network
https://i.scdn.co/image/ab67656300005f1f8ba55df7aca7dfe4e8b7725d,https://open.spotify.com/show/6cd6PpeeaZLiTvsyh5SjGB,The Café Bitcoin Podcast,Swan Bitcoin
https://i.scdn.co/image/ab67656300005f1fe9d63b4c6896dc95d9e04105,https://open.spotify.com/show/0RVXkHoX3ZF4yMPz1k7Sh9,The Block Reward | Bitcoin For Beginners,Scott Dedels
https://i.scdn.co/image/ab67656300005f1fc000bf42d24a4065dbc230a7,https://open.spotify.com/show/3hghAdbjR0kTEeWuC0StA0,The Bitcoin Infinity Show,Knut Svanholm and Luke de Wolf
https://i.scdn.co/image/ab67656300005f1f2605c356ad9d3f2300b7cace,https://open.spotify.com/show/2sMNllVdj4tdAknydTlQDO,Bull Bitcoin Podcast,Bull Bitcoin Fr
https://i.scdn.co/image/ab67656300005f1fefacd81633a1b6cbca41e08f,https://open.spotify.com/show/59H9xYjFceiq6BVviVArrv,Bitcoin en español,Daniel Vargas
https://i.scdn.co/image/ab67656300005f1fc41a7abe5d01b1b3d5d87e29,https://open.spotify.com/show/68Pgb7d6eqIO5tw3dWY741,Blue Collar Bitcoin,Blue Collar Bitcoin Podcast
https://i.scdn.co/image/ab67656300005f1f38d8faaef0beb4cc39ea666c,https://open.spotify.com/show/7CTC3d4GS0Uv0nHMjqvnVI,Bitcoinovej kanál,Kicom
https://i.scdn.co/image/ab67656300005f1f013b0e2447ef3a4e28144f10,https://open.spotify.com/show/4R41uuVqSccv4VzlKVaOlk,The Bitcoin Matrix,Cedric Youngelman
https://i.scdn.co/image/ab67656300005f1f9ca5797da773ef6d2cd36e99,https://open.spotify.com/show/4wWzXFEyAJtM6aOLA6c4Q2,Once Bitten!   A Bitcoin Podcast.,Daniel Prince
https://i.scdn.co/image/ab67656300005f1f4bda0aa6991416db4dd95487,https://open.spotify.com/show/7LEw23eBTgtIlsXUhLnQRO,The Path to Bitcoin,Anon
https://i.scdn.co/image/ab67656300005f1ff9d40405e9dcba6bb392ba0c,https://open.spotify.com/show/6h6kOqJhy4N3FQTlnchIo0,Comprendre Bitcoin - Le Podcast,Bitstack
https://i.scdn.co/image/ab67656300005f1f6f65ddf7f6e65707dc0c9a63,https://open.spotify.com/show/6PcEV2hBalDLBeaLjEbwDf,Bitcoin Study Sessions,Bitcoin Study Sessions
https://i.scdn.co/image/ab67656300005f1fb73ae198616455d6886acb29,https://open.spotify.com/show/49uzTukshUkS7Mx083IIi9,Bitcoin Unleashed,Oliver L. Velez
https://i.scdn.co/image/ab67656300005f1f8eea9bd72ee319df08eab4e2,https://open.spotify.com/show/3PsZxkJYXFUu2yVKEu4pBT,Creating a Con: The Story of Bitconned,iHeartPodcasts and Glass Podcasts
https://i.scdn.co/image/ab67656300005f1fa19a8190b92e03a500f8b9b1,https://open.spotify.com/show/5Eqrgv480DJZYjwe7ju42s,Rock Paper Bitcoin,"₿usiness Cat, Fundamentals"
https://i.scdn.co/image/ab67656300005f1f89ce6e976c36b615d0247626,https://open.spotify.com/show/7vwwcwGyBpNZJnh6kAUbkP,The Why Bitcoin Show,Dale Warburton
https://i.scdn.co/image/ab67656300005f1fd5e58740889509db6be7bdbb,https://open.spotify.com/show/5UnB50h4O1jKaq5AyfN9Qo,Bitcoin Optech Podcast,Bitcoin Optech
https://i.scdn.co/image/ab67656300005f1f8096f642114c409c74390841,https://open.spotify.com/show/6hCz0T7q2x8vKIyEAZQgJ9,Giro Bitcoin,Paulo Aragao
https://i.scdn.co/image/ab67656300005f1fa5843e243d3b85f8a04be5cc,https://open.spotify.com/show/5ILRVoWRN2ZIIwypW80pcd,Bitcoin Takeover Podcast,Vlad Costea
https://i.scdn.co/image/ab67656300005f1f18f0fb6f839ae63da303fa48,https://open.spotify.com/show/02SVvJ3hWFvoQLx6VxotIG,Bitcoin Para Pobres,alberto
https://i.scdn.co/image/ab67656300005f1fd1fce8d255988de5bd4ee9bc,https://open.spotify.com/show/45u68uFYdTW5ixhlxAnnp9,"Koinsquare Live - Bitcoin, Crypto e Blockchain",Koinsquare - Bitcoin Italia
https://i.scdn.co/image/ab67656300005f1f7ddb621447b0bfa9aa528666,https://open.spotify.com/show/3a1AuX8Nbh0CFSDfxbsrJw,Energizing Bitcoin,Energizing Bitcoin
https://i.scdn.co/image/ab67656300005f1f6076cf40dcd435a204ea64f6,https://open.spotify.com/show/55K9yJJt0DgwoTEYe5GJb0,Area Bitcoin Podcast,Area Bitcoin Podcast
https://i.scdn.co/image/ab67656300005f1ff7f73fe22b263d67d7f46c46,https://open.spotify.com/show/10408JFbE1n8MexfrBv33r,"Einundzwanzig, der Bitcoin Podcast",Einundzwanzig
https://i.scdn.co/image/ab67656300005f1f9402bd583a0f4bbb6eadec1e,https://open.spotify.com/show/221AV5A65v7uYEsuMviVKl,Thinking Crypto News & Interviews,Tony Edward
https://i.scdn.co/image/ab67656300005f1f26c2e3e85327f5abe99ce577,https://open.spotify.com/show/6ZEi0BMBaSJDI64RY0IXKa,Bitcoin and the Bible,Bitcoin and the Bible
https://i.scdn.co/image/ab67656300005f1fd6b291f55b17de3e197763ce,https://open.spotify.com/show/0MbZQwHZoD0jexXT45o6ZF,The Bible and Bitcoin Podcast,Pastor Coin
https://i.scdn.co/image/ab67656300005f1febd0dea86e33704475bef58d,https://open.spotify.com/show/5CV3zM2g3oFKjcDlIdr63Z,Parlons Bitcoin,Emmanuel
https://i.scdn.co/image/ab67656300005f1fa6e65bf8bccd6eb36748daca,https://open.spotify.com/show/275qX5shteB8L4KgDVJ44X,Build With Bitcoin,"Lynne Bairstow, Israel Munoz"
https://i.scdn.co/image/ab67656300005f1fd6c82be5ee30895b7eb8c7e3,https://open.spotify.com/show/0QnvAOKX8ZUzdwMl89h3gU,The Wolf Of All Streets,Scott Melker
https://i.scdn.co/image/ab67656300005f1f691eadedf92a40024e76e74a,https://open.spotify.com/show/0i4SJwrYjxs3Bd5Yqx4Pbw,Bitcoin Rapid-Fire,John Vallis
https://i.scdn.co/image/ab67656300005f1f6259f58b64b85c774b26c617,https://open.spotify.com/show/18Z2m5V33DdVjcsVZk0Woq,The Progressive Bitcoiner,Bitcoin is for Everyone
https://i.scdn.co/image/ab67656300005f1f5908a69b747439854c58a81a,https://open.spotify.com/show/4e6gWLNjgzHMYSw7OtWK8V,The Bitcoin Edge,Paula Iversen
https://i.scdn.co/image/ab67656300005f1f25c4ac39133952a7af847bb8,https://open.spotify.com/show/3JNOXHgrDUO4f2FVhEvl84,Daily Bitcoin Journey,88 SATS Radio
https://i.scdn.co/image/ab67656300005f1f7356461cc1695e06c508d83f,https://open.spotify.com/show/6mxp05VDnbj4jTFtPC42T2,bitcoinheiros,Bitcoinheiros do Brasil
https://i.scdn.co/image/ab67656300005f1f67572af3b2bcbdf59bbf01fd,https://open.spotify.com/show/3wK8qCZntXS6UztfvjkYCu,This Week in Bitcoin,Chris Fisher
https://i.scdn.co/image/ab67656300005f1fa50f2248d812621317fbd161,https://open.spotify.com/show/6xSPt4bCdZCCgZLE78bngM,Thank God for Bitcoin,TGFB Media Podcast Network
https://i.scdn.co/image/ab67656300005f1f946e86fcc7e8e8e3c3607843,https://open.spotify.com/show/74LKPjgrrglEpmTNr7v8vK,Bitcoin & Markets,Ansel Lindner
https://i.scdn.co/image/ab67656300005f1f6245f5a3bdcd1d24e6aeac70,https://open.spotify.com/show/3jM0POHuNEjmC15dkyNFVn,Bitcoiners - Live From Bitcoin Beach,Mike Peterson
https://i.scdn.co/image/ab67656300005f1f8ecbde16bc9a9025e18098ee,https://open.spotify.com/show/2PUWWMOzhs42aFR4nyOfBI,Bitcoinsnakk,Bitcoinsnakk
https://i.scdn.co/image/ab67656300005f1fe0acd47fb2c691cb5b386b13,https://open.spotify.com/show/5L8A1nE48hEHpbxjP0offk,BITCOIN BEN,BITCOIN BEN
https://i.scdn.co/image/ab67656300005f1f533cc727c175071da7ed41b0,https://open.spotify.com/show/7CGboRclb7QaNOhLGgpuMg,The Gwart Show | Bitcoin Tech & Culture,Blockspace Media
https://i.scdn.co/image/ab67656300005f1f77c8bb5f0a8e555dd6f18700,https://open.spotify.com/show/6OKUqriPQNyEOOsMk6bdAM,The Bitcoin Treasuries Podcast with Tim Kotzman,Timothy Kotzman
https://i.scdn.co/image/ab67656300005f1f59a544c9403b2ee8cf995e81,https://open.spotify.com/show/5pBuPJdMabzdDaZEyUZopi,"Epicenter - Learn about Crypto, Blockchain, Ethereum, Bitcoin and Distributed Technologies",Epicenter Media Ltd.
https://i.scdn.co/image/ab67656300005f1f0f0e175d34fcbc8c8e76d6e2,https://open.spotify.com/show/2u3oXWilTSFmZ034vQeUGq,Speaking of Bitcoin (formerly Let's Talk Bitcoin!),Adam B. Levine
https://i.scdn.co/image/ab67656300005f1fbe611b644891c29be8c7880c,https://open.spotify.com/show/103OJru2ZXwAOIGfvH64ao,Bitcoin Not Crypto,Forrest Stevens
https://i.scdn.co/image/ab67656300005f1fd906856efcb220ab7c90ddcb,https://open.spotify.com/show/3nbvc7MUvoaMKhxb1EimK1,Bitcoin Basics Help,BitcoinBasics.Help
https://i.scdn.co/image/ab67656300005f1fc81b3f36b6336d0093821741,https://open.spotify.com/show/03pqXbQ5FTaeOtxtyu7s74,"BitcoinBázis - Minden, Ami Kriptó",BitcoinBazis
https://i.scdn.co/image/ab67656300005f1f37fca93cbcdf8dc86a1cc407,https://open.spotify.com/show/2OI6IE424xjqKiKthYbJYJ,Stackuj: Bitcoinový Podcast,Stackuj.cz
https://i.scdn.co/image/ab67656300005f1f5c950cce2799d63b8808cd25,https://open.spotify.com/show/7w3EHLVuF3adK7MXjSxvaH,Bitcoin With Jake,Jake Woodhouse
https://i.scdn.co/image/ab67656300005f1f494efca3831b31bdc86de830,https://open.spotify.com/show/2g6W4MuSRZ2tlKqIFetBkx,Jednoducho Bitcoin,Dušan Matuška
https://i.scdn.co/image/ab67656300005f1f618c22922b382876b1bd8142,https://open.spotify.com/show/43D3C6iiX5SIqHuG3rgfgS,Because of Bitcoin,Ledn
https://i.scdn.co/image/ab67656300005f1f351164e4c28274f73e7c75e6,https://open.spotify.com/show/3HHq0g5pORxo82wXZihfOO,Why Bitcoin?,Why Bitcoin
https://i.scdn.co/image/ab67656300005f1fe9bbf78ffa5a09472b1eb579,https://open.spotify.com/show/1NQIkiCHVbQy8Cq0Ppmjwe,"Bitcoin Season 2 | Bitcoin Tech, Culture & Ordinals",Blockspace Media
https://i.scdn.co/image/ab67656300005f1ff1be32f09198da303563ef84,https://open.spotify.com/show/02GtzIsUyQm9X9bcxitDLK,Discovering Bitcoin,DJ
https://i.scdn.co/image/ab67656300005f1f08df5101a69194f464dcc253,https://open.spotify.com/show/4tincGXJNpmMUHYev73t3l,Bitcoin for Advisors,Morgen and Pierre Rochard
https://i.scdn.co/image/ab67656300005f1f2d87be2184e1547eff13e327,https://open.spotify.com/show/3fVsAvmfcWrcOgrXdACJAF,Discover Crypto,HIT Network
https://i.scdn.co/image/ab67656300005f1f363e3a958e75642be2dd71aa,https://open.spotify.com/show/69ttdE2Fwo9aMEAfR7Ncoj,Céline: Understood,CBC
https://i.scdn.co/image/ab67656300005f1f0df6ec085df49f347255e992,https://open.spotify.com/show/6jEPeE4yhsoZJrDRcs9dLN,Bitcoin Fixes This,Jimmy Song
https://i.scdn.co/image/ab67656300005f1f1f0a30fb75485e01e49a3b2e,https://open.spotify.com/show/1HT0TBMA2exny3JSOGUi1P,Bitcoin a blondýna,Měšec.cz
https://i.scdn.co/image/ab67656300005f1f70b9c949f8c9aa755f0056ee,https://open.spotify.com/show/3vrqaOakr5TMmHg3oOfw1q,Bitcoin d'Asporto,Bitcoin d'Asporto
https://i.scdn.co/image/ab67656300005f1f3a745d1a3577f726eec7f601,https://open.spotify.com/show/4aVuntMUSk8BLRhrcPVmOV,"Bitcoin2Go - Bitcoin, Kryptowährungen und Finanzen mit Mirco Recksiek",Bitcoin2Go
https://i.scdn.co/image/ab67656300005f1ff146de8ff940aee956f82e77,https://open.spotify.com/show/3W7s0euoJl6Z6CD4wf45b9,Sound Money Bitcoin Podcast,Daniel Tröster / Loddi
https://i.scdn.co/image/ab67656300005f1f73e99c922eeaa2af1b4b8abe,https://open.spotify.com/show/47g3UVnWAcZlFAOih6fw7f,"Libe Podcast - Finances Personnelles, Bourse, Entreprenariat, Immobilier et Profiter de la vie",Hubert Côté
https://i.scdn.co/image/ab67656300005f1f5cd526ea62f13d5b1b39210d,https://open.spotify.com/show/538vuul1PuorUDwgkC8JWF,The Breakdown,Nathaniel Whittemore
https://i.scdn.co/image/ab67656300005f1fc14a8ce3197726217480f9e8,https://open.spotify.com/show/4zOfAIhQ4knvRA0jkHyo2a,Tucson Bitcoin Podcast,Tucson Bitcoin
https://i.scdn.co/image/ab67656300005f1fef763e177f2a98eabe3eb790,https://open.spotify.com/show/7EsQ9nVditJAi5QYFfdLbh,This Week in Bitcoin,Bitcoin.com Podcast Network
https://i.scdn.co/image/ab67656300005f1fd93615cf57c6d8a9f1433f3b,https://open.spotify.com/show/4UaFaOGMR4biD4qsfCSm7B,Bitcoin Podcast - Kien Tran,Kien Tran
https://i.scdn.co/image/ab67656300005f1f2ba2faa4cee0ab5c1f7d3d3f,https://open.spotify.com/show/3fW8PuRQ4uvdOrI4ZM7yle,Let's Talk Bitcoin!,Let's Talk Bitcoin!
https://i.scdn.co/image/ab67656300005f1f9840d3e6412e52a4183c1bd1,https://open.spotify.com/show/531TDpbdAkisPAkhoGiml7,Rondas BitcoinAr,ONG Bitcoin Argentina
https://i.scdn.co/image/ab67656300005f1f148738e239441b24f6cd20f2,https://open.spotify.com/show/2UdKrcHnVbMyuAySNmgvUI,Hexican | PulseChain | HEX | Crypto | Bitcoin | Ethereum | Richard Heart,Hexican
https://i.scdn.co/image/ab67656300005f1f23d76633b90f718dca9a831c,https://open.spotify.com/show/2H3MKsFvkWczgqrSh38284,The Bitcoin Mentor Podcast,Jake Woodhouse &amp; Gary Mahmoud
https://i.scdn.co/image/ab67656300005f1f1e0c481be7fdc367def0a57e,https://open.spotify.com/show/5kdJEiIPBSM2YdJaDogdct,Bitcoin School,Bitcoin School
https://i.scdn.co/image/ab67656300005f1fe918c2064c6517d19422ed0f,https://open.spotify.com/show/4wNPb4psHZGenR57X4ERHy,The Muslim Bitcoiner Podcast,Muslim Bitcoiner
https://i.scdn.co/image/ab67656300005f1f37201c36696a917d076827f2,https://open.spotify.com/show/1n5z6FpG5bKUFcODrVVmur,Allt om Bitcoin,Allt om Bitcoin
https://i.scdn.co/image/ab67656300005f1f474e65daba6d6567c591ca9d,https://open.spotify.com/show/6vZQPrvk82cSXZwysz65Vl,Dr Bitcoin - The Man Who Wasn't Satoshi Nakamoto,CONTENT:ED Media
https://i.scdn.co/image/ab67656300005f1fd5236738acfe3db6111b4ee3,https://open.spotify.com/show/2E6lh3m4PbPGtV0Df4CRff,deJÖN | DeFi ve Bitcoin,deJÖN | DeFi ve Bitcoin
https://i.scdn.co/image/ab67656300005f1ff0047fa74f2fc8d74521417a,https://open.spotify.com/show/6J3uGh4eBEUqFohOmahfhk,Bitcoin Hard Talk,Simon Dixon
https://i.scdn.co/image/ab67656300005f1f911141d8c5cc225107d72900,https://open.spotify.com/show/6CiuFRGtU5vW3XTTI54TR8,"Krypto Podcast - Bitcoin, NFTs, web3, DeFi und Metaverse - News, Analysen und Interviews zu Bitcoin, Ethereum, NFT Kollektionen und anderen Kryptos",Blue Alpine Research
https://i.scdn.co/image/ab67656300005f1f1f0c9d463f5dab83d4860676,https://open.spotify.com/show/2IIEs49bHU4aJnwOr3sTrl,einemillionsatoshi - der Bitcoin Podcast,Eva Brauckmann
https://i.scdn.co/image/ab67656300005f1fdd08afa54ff6f8ed7448c207,https://open.spotify.com/show/0y1s3Bwzn8BId075O4UYFQ,Bitcoin Economics,bitcoineconomics
https://i.scdn.co/image/ab67656300005f1fae439e863d5168a6e1294208,https://open.spotify.com/show/4bzSDmqza7nqyed4znSXzz,Access Tribe's Bitcoin Podcast,Access Tribe Bitcoin
https://i.scdn.co/image/ab67656300005f1f3b0bfa4096c4fa36847c4e61,https://open.spotify.com/show/1dsTluNHIPNsXVRghpqxhY,Bitcoin And . . .,David Bennett
https://i.scdn.co/image/ab67656300005f1f19206da47e5833c33bdacd68,https://open.spotify.com/show/0r8YGipHFyuom138lZhTAB,La Sauce Bitcoin,La Sauce Bitcoin par Maciej Cepnik
https://i.scdn.co/image/ab67656300005f1f5caa2ec01c8311eb1d0bce52,https://open.spotify.com/show/3SYtn2ILi8z9gruo7G64N2,Bitcoin Päiväkirja,Bitcoin Päiväkirja
https://i.scdn.co/image/ab67656300005f1f9bf76a5becb0dec53676dff7,https://open.spotify.com/show/2Na6jtvpUoeoJgoBLubJch,Bitcoin Lady,Bitcoin Lady
https://i.scdn.co/image/ab67656300005f1f2712ce721ecd2a8dd01bbb1f,https://open.spotify.com/show/2R9ypQf38jKV5QbYIIeZaV,Citizen Bitcoin,Citizen Bitcoin Podcast
https://i.scdn.co/image/ab67656300005f1f5c53aa11b54fd47facd3b960,https://open.spotify.com/show/5tP26gJxpWl8dfVy3SbmuG,Bitcoin.com Weekly Update Podcast,Bitcoin.com Weekly Update Podcast
https://i.scdn.co/image/ab67656300005f1ff2d27b799df1b44a3d0ea79c,https://open.spotify.com/show/06BdZid57RlCgBNsgr703A,Relai Bitcoin Podcast,Relai
https://i.scdn.co/image/ab67656300005f1f6d9345320e842fc7e376979f,https://open.spotify.com/show/6r6NwbzxBL8wnuIuqBA3ED,Robin Seyr,Robin Seyr
https://i.scdn.co/image/ab67656300005f1fcaf2415b9e4521933b876880,https://open.spotify.com/show/5GspjWGumD0MNtfx29fdjz,Planeta Bitcoin,Planeta bitcoin
https://i.scdn.co/image/ab67656300005f1f00d179c7bbf2630abf1fa7b1,https://open.spotify.com/show/6ogikA1BhQzS3BHm2TWMbC,The Bitcoin Ben Show,Bitcoin Ben
https://i.scdn.co/image/ab67656300005f1f5f76fb2cb83c8da58cbd7802,https://open.spotify.com/show/64tabOhRm5cb5XSBZCVu4e,The Bitcoin Source: A Bitcoin Conversation,The Bitcoin Source
https://i.scdn.co/image/ab67656300005f1f9ce3f23764c583b4350adaa2,https://open.spotify.com/show/5j6aflGVkR7PIrbZLEeZur,Le Mardi Crypto - Bitcoin et Crypto-actifs,Le Mardi Crypto - Bitcoin et Crypto-actifs
https://i.scdn.co/image/ab67656300005f1fcc7b49cb1d26bd7b43e9657e,https://open.spotify.com/show/4eN1ZlaHSV2JHiv02iaICN,99Bitcoins,99Bitcoins
https://i.scdn.co/image/ab67656300005f1fbc4f2faef7c9f6c8f4aa83a8,https://open.spotify.com/show/5AxNilrjMO0Vv3m5u2BbnG,The Bitcoin Knowledge Podcast,Trace Mayer
https://i.scdn.co/image/ab67656300005f1f72d8202f91ca9a469e134b26,https://open.spotify.com/show/4aDhkccjHzEI8pCd7qwc2m,Territorio Bitcoin,Territorio Bitcoin
https://i.scdn.co/image/ab67656300005f1f90acfd387bcf14560afa0170,https://open.spotify.com/show/2BrZJmqxI3EsmOcg8PVcmS,Australian Bitcoin Podcast,HardBlock
https://i.scdn.co/image/ab67656300005f1fdc2d7dd220354f5fba139184,https://open.spotify.com/show/6EgqEG0RvLn7c9T4pTEbf4,"The Zen Crypto Show - Learn Bitcoin, Ethereum, NFTs, web 3 and how to invest in crypto",Zengo Crypto Wallet
https://i.scdn.co/image/ab67656300005f1fecf4284a384900e8d86bcae0,https://open.spotify.com/show/05zG8uhzaUQa8iQ7F8sdcE,Bitcoin para todxs,Bitcoin para todos
https://i.scdn.co/image/ab67656300005f1f41af18c5c9d5d7673e39a0ee,https://open.spotify.com/show/5fGtjPQt92RF9ygxz2A5iq,Humans of Bitcoin,Bitcoin.com Podcast Network
https://i.scdn.co/image/ab67656300005f1ffd8f440391a83ea7f10f9427,https://open.spotify.com/show/01N17Oi7sRZM4vYGiTO6uk,The Bitcoin Cash Podcast,Jeremy
https://i.scdn.co/image/ab67656300005f1fb268dde18359a09e9a335628,https://open.spotify.com/show/1Eu3P9ATow5ODEya1NTSEA,Bitcoin Byltingin,Bitcoin Byltingin
https://i.scdn.co/image/ab67656300005f1fd9c819235ed201b6280345f7,https://open.spotify.com/show/6V506BUoAKRIVAyadinIUN,What Is Bitcoin?,Gary Leland
https://i.scdn.co/image/ab67656300005f1f1b1654148cb5f54c76e11bde,https://open.spotify.com/show/7MmMUCF0cGY3KWNxNz8mCC,Bitcoin Made Simple Podcast,BMS Podcast Network
https://i.scdn.co/image/ab67656300005f1f7d50a72e0319317506255420,https://open.spotify.com/show/7ahkWL5AW6TjOchvSwUZK7,Explica Bitcoin,Leta
https://i.scdn.co/image/ab67656300005f1ff9c40c6cd1807be3818e1f30,https://open.spotify.com/show/23eCrWfL15jpnbAhWgCoXv,Fix the Money - Bitcoin podcast,Niko Jilch ⚡️
https://i.scdn.co/image/ab67656300005f1f6864bed08dab13eee90f509b,https://open.spotify.com/show/2joSucOUfn21SRCevZXDY2,The Bitcoin Adviser,Jake Woodhouse
https://i.scdn.co/image/ab67656300005f1f02a5732113c8e85adaa368d1,https://open.spotify.com/show/4SHLsS4b5yQ1o4yunQM33W,Toca do Bitcoin,Dov Bitcoinheiro
https://i.scdn.co/image/ab67656300005f1fa51b0778b4f09e0c50b55c57,https://open.spotify.com/show/1ItjRQooNs7K2DFHpTBTFU,Bitcoin Block,Bitcoin Block
https://i.scdn.co/image/ab67656300005f1f524bfacb790f8a7f73a48aca,https://open.spotify.com/show/5VPdoFWhJ9TYljjq3puibu,Bitcoin Policy Institute,Bitcoin Policy Institute
https://i.scdn.co/image/ab67656300005f1fa13a83b1440008d44f99e02a,https://open.spotify.com/show/4kjIjZ7gBNgbYasqLQJEEy,The Milk Road Show,The Milk Road Show
https://i.scdn.co/image/ab67656300005f1fa0e14d652d8fa04510950070,https://open.spotify.com/show/4vklxheKuYydYMoap6Dg16,Bitcoin Capitalist Podcast,Bitcoin Capitalist
https://i.scdn.co/image/ab67656300005f1fe34f448b726c92e8020579ac,https://open.spotify.com/show/1jnhRiZdzrVUvdXHLZZi1N,Bitcoin Talks,António Vilaça Pacheco
https://i.scdn.co/image/ab67656300005f1f15652ea80cca5c762c3d897e,https://open.spotify.com/show/0njQUEOsF1S2jyRA9PxjCJ,Tezba Bitcoinu,Bitcoin
https://i.scdn.co/image/ab67656300005f1ff9d46839a429e9ee97b59b17,https://open.spotify.com/show/3XJJzYkhbGlrHlPq86cfcg,BTC-ECHO | Bitcoin & Krypto Podcasts,BTC-ECHO
https://i.scdn.co/image/ab67656300005f1f1866969e05b1e09aae81c832,https://open.spotify.com/show/1YU99tu5BtRMMO5e2omD1E,10 Hours of Bitcoin,10 Hours of Bitcoin
https://i.scdn.co/image/ab67656300005f1f8b185f7f1998feace4589954,https://open.spotify.com/show/1mlP7FgV2x9jyUeTghmLvj,BitcoinAndTheAltsThailand,BitcoinAndTheAltsThailand
https://i.scdn.co/image/ab67656300005f1f5c0d536fc01428201fc7a336,https://open.spotify.com/show/2aPt7DoHidMFjauk8bxtAx,Bitcoin verstehen,"Jonas Hofmeister, Manuel Bassler"
