"Si6A0c href","T75of src","T75of src 2","DdYX5","wMUdtb","w2kbF"
"https://play.google.com/store/apps/details?id=com.myyearbook.m","https://play-lh.googleusercontent.com/LLrabnV7_ZqcEWTf0Cfi07zdVyrin9hXzwNX7S4rcmBBdNntFV31aV85xoB5nme2ais=w416-h235-rw","https://play-lh.googleusercontent.com/iCqsm7cH0HX2rNHu298w-dGKEYY4M5krj6yuy322nvY7cC0QG-A2V8aYJ6Euod5zT30=s64-rw","MeetMe: Chat & Meet New People","MeetMe.com","3.4"
"https://play.google.com/store/apps/details?id=com.google.android.apps.dynamite","https://play-lh.googleusercontent.com/ifeN98AseARDk5ZfyVs96BUNj4AMpj4ohduPvX4NEWyaTxzFHhoqrXL38hJeTZim9A=w416-h235-rw","https://play-lh.googleusercontent.com/yC17R-QYEZLmTMB7hD8KRjnWu6pJ4qNsdNQibLw8Z07kyY08IRbS89z7kATx75SR9A=s64-rw","Google Chat","Google LLC","4.4"
"https://play.google.com/store/apps/details?id=com.tinder","https://play-lh.googleusercontent.com/Hc7K7VykwNS4YRyQLOVGKytQleFbtxYo1X3lIrFzi_-GRJG8ZkM67B3UzNxxMWqDbyo=w416-h235-rw","https://play-lh.googleusercontent.com/_gulxpc6Q2Cx_J__aIbbnbsN3LCVKvcEiPXghoqs5oCxBi5YtKQKn5y0mL8YCxSn3JU=s64-rw","Tinder Dating App: Chat & Date","Tinder LLC","3.4"
"https://play.google.com/store/apps/details?id=com.bumble.app","https://play-lh.googleusercontent.com/Tz9sXjlv-XrWtJ1MSGFybQElC8JJngh3ebF99diqNE-ElMI4jJbnbBfVCvipWotQtbTl=w416-h235-rw","https://play-lh.googleusercontent.com/lRFIGamND9yXheXbLBVACCTArKeKBM-AEmVrztXF8BOqGWwGwRrLEFet8imQAKUWvQ=s64-rw","Bumble - Dating. Friends. Bizz","Bumble Holding Limited","3.7"
"https://play.google.com/store/apps/details?id=com.badoo.mobile","https://play-lh.googleusercontent.com/nDHgesompe1slBjaBW8wqNgKlPWOcS3XvTshQ4QWeuQT5EWcQRYNHdsywI0fONiXG_rj=w416-h235-rw","https://play-lh.googleusercontent.com/mix0TYeOXNQ8vCIKE-dwOlCUrb5RKuJJVdmWmDfjosD1l-Btx08-rZRK0e91ap_gMrw=s64-rw","Badoo Dating App: Meet & Date","Badoo","3.8"
"https://play.google.com/store/apps/details?id=enterprises.dating.boo","https://play-lh.googleusercontent.com/a4MnPGXRaw3zNQsBSnXn-Sok7hxMMC17pvSrilndOBI1_Dtd42YPk_JAI9HXNvmxTZ4=w416-h235-rw","https://play-lh.googleusercontent.com/7odIr8zuMI5ddrSG6KtefaVNEvKBoiGzo6Q96lowbP5tLFhqiqUl3Mc16PMk2E1m9g=s64-rw","Boo: Dating. Friends. Chat.","Boo Enterprises, Inc.","3.8"
"https://play.google.com/store/apps/details?id=com.zeetok.videochat","https://play-lh.googleusercontent.com/Unpko3_QSmdehI_n-Kj0i1wPAZJK7FFZeE8YofPSkhYOcKJ33zexV2GGpvOBjSRd8g=w416-h235-rw","https://play-lh.googleusercontent.com/peC41nPDnfd-wwQNRuFGs7ZGODuJgt6PDUFDGc71qCjRhxETEu-GJyN51XnKMRioD8c=s64-rw","Zeetok - Meet and Chat","ZeetokSocial","4.2"
"https://play.google.com/store/apps/details?id=com.halo.mobile","https://play-lh.googleusercontent.com/xbHAy1eNWdkoZthj7DjLhebBz-QKRb507fxMvDCYNo6cnudvPkP3he6ILwcmlclnwRnN=w416-h235-rw","https://play-lh.googleusercontent.com/QtRU9x3c0Y_LlqjgP13j512WcyB7gF-QNFdrGkX8OUYAGTLr5FtnlAUf8dwbUrzD6p0=s64-rw","LightChat -Voice Chat & Meet &","Guangzhou Time Online Network Technology Limited","4.4"
"https://play.google.com/store/apps/details?id=com.ftw_and_co.happn","https://play-lh.googleusercontent.com/h7kND9-bSmzpdtgvdMxqfEVYbAbAW2R1gyktGeGzH9uBIeHOSCmchrHquTS7fVH_GZk=w416-h235-rw","https://play-lh.googleusercontent.com/DDE8YDPYKatiNO8GLTDwNP7FvmmApAx5N4ow4gglmsZQtl9CXFrB793pvSkwHiiMKw=s64-rw","happn: Dating, Chat & Meet","happn","3.4"
"https://play.google.com/store/apps/details?id=com.flirtini","https://play-lh.googleusercontent.com/4szM-yAgVcpP3a_eXmgqVU8qtsfxPRZ7ZsZxQ9EOliSOCq2U1cltCSizm4gjgq8Pyw=w416-h235-rw","https://play-lh.googleusercontent.com/u9yQ4L31NSlsEPnQN4oKhog0tkKbwNLjt5L4kgaJqW4-FB2-JFlJVs96_tCIdN3YeQ=s64-rw","Flirtini - Chat, Flirt, Date","Xymara LTD","3.8"
"https://play.google.com/store/apps/details?id=com.pof.android","https://play-lh.googleusercontent.com/9gaJyaVWnJnfFHb4IW7CpsPfINK_RELRXZYz-lXQsEqsWLnZKAk5Br4sENemJtvAQcDm=w416-h235-rw","https://play-lh.googleusercontent.com/aTMFxLXK9hMjPx9m3ASk3PuZArzBF6nPZnX_RZQNugYAs6q-DlLFvbrMByHA_E0bhEDs=s64-rw","Plenty of Fish Dating App","Plentyoffish Media ULC","3.2"
"https://play.google.com/store/apps/details?id=com.bumblebff.app","https://play-lh.googleusercontent.com/kYpgZ7hUdc2lQ1REUfuq4Xud5Q3DO981xk2CAPQu6_jok67nk0cP-4f-ocleb000eA=w416-h235-rw","https://play-lh.googleusercontent.com/H_cQSHvCfiI5ls2LGnEVTeFcKNQ-CKRChVdKnw8JxzN2dqX7B4EDcnHeykN38JrIAAQ=s64-rw","Bumble For Friends: Meet IRL","Bumble Holding Limited","3.4"
"https://play.google.com/store/apps/details?id=com.jaumo.casual","https://play-lh.googleusercontent.com/sJiQA8oXYFAKfBJU2sKuBhbKR9R9rCfPRD0EXvi06ecbN0hB6En4UOE4v_rd5k2WKAk=w416-h235-rw","https://play-lh.googleusercontent.com/GEewuzdlm7JedsYyU_UGuCzHApNsacpoaViLZuXtEVIuNwjYb3qvZuYBhQl5IBM4Rho=s64-rw","CSL – Meet, Chat, Pla‪y & Date","Joyride GmbH","4.2"
"https://play.google.com/store/apps/details?id=co.yellw.yellowapp","https://play-lh.googleusercontent.com/DZgMp3WaXHeyhWZh0MmMQDSxaOUYM3NJ14wQ4L0KM4VdCBRKjCu6PW8Dqp50GNkbbA=w416-h235-rw","https://play-lh.googleusercontent.com/2qbho4zgupoplTS8PXJRtmRiiyyc4-bCtv9u4HnnpWhdQxEZvwT5y2tKeYSB8H584g=s64-rw","Yubo: Make new friends","Twelve APP","4.0"
"https://play.google.com/store/apps/details?id=com.okcupid.okcupid","https://play-lh.googleusercontent.com/N_6ycSU5w60O802FOGKikUZxK7yi8kfcYEu2niZmvcQW_WlYlb2m-6tEWWVcg35Eaw=w416-h235-rw","https://play-lh.googleusercontent.com/paVjCzUNZBzQ8RI4TttQGM7PpW2IZuFgT_ryeAYs-mBBDWk2q7cX8bv6-_t2hnI5hZo=s64-rw","OkCupid Dating: Date Singles","okcupid.com","3.1"
"https://play.google.com/store/apps/details?id=com.wakie.android","https://play-lh.googleusercontent.com/yBLwAxTq-HBqm6_sVxU6wenjnCOdPeJ1P2ovD4xYuCL_5mL2rEnkDxfX0vzyEuf7ByI=w416-h235-rw","https://play-lh.googleusercontent.com/lX-HFT4NnhGGNXolo5nKc5HiEjyoQKtXlISxkBCwINx2R7gK6pb_uEkwqvZk80b2AmA=s64-rw","Wakie Voice Chat: Make Friends","Wakie","4.2"
"https://play.google.com/store/apps/details?id=com.takimi.android","https://play-lh.googleusercontent.com/iLNMlSyL2nC1Ji_da2aUTixPK0l34yzBIiQRznKGBXHZ1NKk0oMJOY-FDLxIY40h008=w416-h235-rw","https://play-lh.googleusercontent.com/xgGXqA-veNrVauoZj1wo9XqsO6cahkf4uurSTTPoDwUGXQQMYHrtWRdA14vg9ClEVA=s64-rw","Taimi - LGBTQ+ Dating & Chat","Social Impact Inc.","3.8"
"https://play.google.com/store/apps/details?id=com.waplog.social","https://play-lh.googleusercontent.com/6qHovQrttK9lQOD4NLOnn0oiIVXtmo9qZvfNTOByhe-jBNX89RGhq0HQTgA9Pv0RUQ=w416-h235-rw","https://play-lh.googleusercontent.com/kxebsVK5EmLk8rU9kLkHRj8MXE3Du17RhIa7_MDcBdymZLv4lKmYzq-Rol4IK-wAQw=s64-rw","Waplog: Dating, Match & Chat","Waplog Dating Apps","4.3"
"https://play.google.com/store/apps/details?id=co.hinge.app","https://play-lh.googleusercontent.com/z8s6U3MGIwotocaU-0X5Gq_NTjh_5FR8KAgTwpi5m6ESme0YPTvitpHvQuMXW5DvmA=w416-h235-rw","https://play-lh.googleusercontent.com/5P5svqXNCWqE0NtHSV91pl2YUGKJ2aitjaUWIVZd-65AtskDVO2o9bpYx1oAV9fr0-nt=s64-rw","Hinge Dating App: Match & Date","Hinge, Inc.","3.3"
"https://play.google.com/store/apps/details?id=com.match.android.matchmobile","https://play-lh.googleusercontent.com/ZTxKqNl1oysRusIbwKmZ4y56hLpeCTeXQJD63Ov1B2K2p9PJB-jfjDoN-7tDtVMYMg=w416-h235-rw","https://play-lh.googleusercontent.com/y6iCFBHUmbKyptLeu6d6QGwbMDIAYKM3zrkIMTjS88ot2v630Hu3bIXH1GLxGkz470e1=s64-rw","Match Dating App: Meet & Date","Match Group Americas, LLC","2.9"
"https://play.google.com/store/apps/details?id=com.hickeyapp.app.android","https://play-lh.googleusercontent.com/2e7BHEkE7u9ghU89iZXj_jsVShKbMKaDb-ECBLkNlJAr-Cg9cxpUBwmotDID9358Ys7c=w416-h235-rw","https://play-lh.googleusercontent.com/xpX5w34G9QV1XPag2GuJdioMpbed-QMSbcOytfXil8RYy91rm42mTviA-OIjzUGDyA=s64-rw","Local Meet & Dating App：Hickey","Nextouch","4.2"
"https://play.google.com/store/apps/details?id=com.mobile.android.eris","https://play-lh.googleusercontent.com/97_lzmw2OBBzSFYqvaCUcIcV0v-2m5K-Lm1a6GpfdlpAyNt7xnN4uJ6EBc2kqtRvAQ=w416-h235-rw","https://play-lh.googleusercontent.com/nXkV00-UZS9KYhEgPjp5KQneP0WDTIfltxN7rV5VP7dHsWZE1FmMzGzRpWstKSzyZJ7I=s64-rw","Eris Dating App: Meet People","Eris Group","4.4"
"https://play.google.com/store/apps/details?id=com.dating.android","https://play-lh.googleusercontent.com/nNDmkpT72MoyM-VO6CXl0BJ9oI9mquAPuTvlXrFD63OmqhzuGjXS0b1fm-hwcEGAUFA=w416-h235-rw","https://play-lh.googleusercontent.com/P5FK0r9bQAB45Wt-BUyx86RacNsFzgKS_Zbrf4UGpcdrZz9VMUdvH3e6U-ytbQXX2Jo=s64-rw","Dating.com: Global Online Date","DMM SOLUTIONS INC.","3.9"
"https://play.google.com/store/apps/details?id=social.hunch.app","https://play-lh.googleusercontent.com/DDaFXDp469_zKdywIWez1GpHMovPemFD8qnc__VBqutpwBfvuBNyHSqAvghFxkb179w=w416-h235-rw","https://play-lh.googleusercontent.com/4bBJsO50iaok7DIadw_XmCr8fiXwr0IcEIMXCGuO9WxDKfeoOSgXCNMi55chQlL6jB0=s64-rw","Hunch - chat, vibe, date","Hunch.","3.2"
"https://play.google.com/store/apps/details?id=com.datemyage","https://play-lh.googleusercontent.com/jvgiM0dZTTaqa3RG2wHb-qJQgIuMYEgpdfKL8Od6W_hZTtuaMv-LP1tPZv5oaPKHdAs=w416-h235-rw","https://play-lh.googleusercontent.com/RKfbKXLQNBkRX_GwdiopdthJraM7vLhdNQdE_QJV_CuRigijQ6eRqz6pHNzZBwZPgUg=s64-rw","DateMyAge Mature & Senior Date","Stende Solutions Limited","4.4"
"https://play.google.com/store/apps/details?id=com.connected2.ozzy.c2m","https://i.ytimg.com/vi/KywUkUQrK8c/hqdefault.jpg","https://play-lh.googleusercontent.com/R-L05nHOF7Tj1HkwsFH6pbrsfpMlyhKp3srq2O8vbIalY8nnaMJox_CjbysWBg-EXLsG=s64-rw","Connected2.me Chat Anonymously","C2M","3.9"
"https://play.google.com/store/apps/details?id=de.mobiletrend.lovidoo","https://i.ytimg.com/vi/LLLuIqJyyYo/hqdefault.jpg","https://play-lh.googleusercontent.com/73IZN-uPJyY-z4ZoOM3U9dgk-dacDCFLN0RFAjI0b7RLqSKjpxetz0Dm_3TEc9Qrtro=s64-rw","yoomee: Dating & Relationships","mobile Trend GmbH","4.3"
"https://play.google.com/store/apps/details?id=com.minderapps.minder","https://i.ytimg.com/vi/Dz_KqfMOkbY/hqdefault.jpg","https://play-lh.googleusercontent.com/V3kY5fCUhlAgD33LyUGwqVu-g9vDNm73J7t7Al9fVttobtptsC-TpLEH5lpqxIFX7Q=s64-rw","Salams - Where Muslims Meet","Minder Apps, Inc.","3.7"
"https://play.google.com/store/apps/details?id=com.jaumo.prime","https://play-lh.googleusercontent.com/4pJkdQUdlz1XFK-YiqPPPxvpj5LyKz1S9URCx8Um7hi12ZxpgWmoFz-Dt6OO_ZyhBZrJ=w416-h235-rw","https://play-lh.googleusercontent.com/c9SekQWKfZpH_pTJuC9tqtOV7zncFBzeFS0wZMj8glkIWWSiA_U5Rx9dWiINtjSMAjw=s64-rw","BLOOM, Meet Singles. Find Love","Joyride GmbH","4.1"
"https://play.google.com/store/apps/details?id=com.udates","https://play-lh.googleusercontent.com/hlekEmOI2cbKCBxde8JrjmDfz5Trct99NscWdC7ksI81Rn6ykcbPSiz2cupuhC60xQ=w416-h235-rw","https://play-lh.googleusercontent.com/uE-6xhHQaQEXal51oN9Rwbp6HYnwGgrdVewQKTvfbQqAcC77gnCLlnnyaKBxtxFC3tg=s64-rw","Once: Find your Perfect Match","Xeanco Ltd","3.8"